[{"model": "civictechprojects.taggedissueareas", "pk": 1, "fields": {"tag": 1, "content_object": 1}}, {"model": "civictechprojects.taggedissueareas", "pk": 2, "fields": {"tag": 10, "content_object": 2}}, {"model": "civictechprojects.taggedissueareas", "pk": 3, "fields": {"tag": 14, "content_object": 3}}, {"model": "civictechprojects.taggedissueareas", "pk": 4, "fields": {"tag": 22, "content_object": 4}}, {"model": "civictechprojects.taggedissueareas", "pk": 5, "fields": {"tag": 14, "content_object": 5}}, {"model": "civictechprojects.taggedissueareas", "pk": 6, "fields": {"tag": 31, "content_object": 6}}, {"model": "civictechprojects.taggedissueareas", "pk": 7, "fields": {"tag": 1, "content_object": 7}}, {"model": "civictechprojects.taggedissueareas", "pk": 8, "fields": {"tag": 36, "content_object": 8}}, {"model": "civictechprojects.taggedissueareas", "pk": 9, "fields": {"tag": 36, "content_object": 9}}, {"model": "civictechprojects.taggedissueareas", "pk": 10, "fields": {"tag": 10, "content_object": 10}}, {"model": "civictechprojects.taggedissueareas", "pk": 11, "fields": {"tag": 40, "content_object": 11}}, {"model": "civictechprojects.taggedissueareas", "pk": 12, "fields": {"tag": 10, "content_object": 12}}, {"model": "civictechprojects.taggedissueareas", "pk": 13, "fields": {"tag": 45, "content_object": 13}}, {"model": "civictechprojects.taggedissueareas", "pk": 14, "fields": {"tag": 45, "content_object": 14}}, {"model": "civictechprojects.taggedissueareas", "pk": 15, "fields": {"tag": 14, "content_object": 15}}, {"model": "civictechprojects.taggedissueareas", "pk": 16, "fields": {"tag": 10, "content_object": 16}}, {"model": "civictechprojects.taggedissueareas", "pk": 17, "fields": {"tag": 1, "content_object": 17}}, {"model": "civictechprojects.taggedissueareas", "pk": 18, "fields": {"tag": 52, "content_object": 18}}, {"model": "civictechprojects.taggedissueareas", "pk": 19, "fields": {"tag": 53, "content_object": 19}}, {"model": "civictechprojects.taggedissueareas", "pk": 20, "fields": {"tag": 14, "content_object": 20}}, {"model": "civictechprojects.taggedissueareas", "pk": 21, "fields": {"tag": 52, "content_object": 21}}, {"model": "civictechprojects.taggedissueareas", "pk": 22, "fields": {"tag": 53, "content_object": 22}}, {"model": "civictechprojects.taggedstage", "pk": 1, "fields": {"tag": 2, "content_object": 1}}, {"model": "civictechprojects.taggedstage", "pk": 2, "fields": {"tag": 11, "content_object": 2}}, {"model": "civictechprojects.taggedstage", "pk": 3, "fields": {"tag": 15, "content_object": 3}}, {"model": "civictechprojects.taggedstage", "pk": 4, "fields": {"tag": 23, "content_object": 4}}, {"model": "civictechprojects.taggedstage", "pk": 5, "fields": {"tag": 28, "content_object": 5}}, {"model": "civictechprojects.taggedstage", "pk": 6, "fields": {"tag": 32, "content_object": 6}}, {"model": "civictechprojects.taggedstage", "pk": 7, "fields": {"tag": 2, "content_object": 7}}, {"model": "civictechprojects.taggedstage", "pk": 8, "fields": {"tag": 15, "content_object": 8}}, {"model": "civictechprojects.taggedstage", "pk": 9, "fields": {"tag": 23, "content_object": 9}}, {"model": "civictechprojects.taggedstage", "pk": 10, "fields": {"tag": 28, "content_object": 10}}, {"model": "civictechprojects.taggedstage", "pk": 11, "fields": {"tag": 11, "content_object": 11}}, {"model": "civictechprojects.taggedstage", "pk": 12, "fields": {"tag": 28, "content_object": 12}}, {"model": "civictechprojects.taggedstage", "pk": 13, "fields": {"tag": 23, "content_object": 14}}, {"model": "civictechprojects.taggedstage", "pk": 14, "fields": {"tag": 23, "content_object": 16}}, {"model": "civictechprojects.taggedstage", "pk": 15, "fields": {"tag": 2, "content_object": 17}}, {"model": "civictechprojects.taggedstage", "pk": 16, "fields": {"tag": 2, "content_object": 18}}, {"model": "civictechprojects.taggedstage", "pk": 17, "fields": {"tag": 15, "content_object": 19}}, {"model": "civictechprojects.taggedstage", "pk": 18, "fields": {"tag": 23, "content_object": 20}}, {"model": "civictechprojects.taggedstage", "pk": 19, "fields": {"tag": 15, "content_object": 21}}, {"model": "civictechprojects.taggedtechnologies", "pk": 1, "fields": {"tag": 3, "content_object": 1}}, {"model": "civictechprojects.taggedtechnologies", "pk": 2, "fields": {"tag": 4, "content_object": 1}}, {"model": "civictechprojects.taggedtechnologies", "pk": 3, "fields": {"tag": 5, "content_object": 1}}, {"model": "civictechprojects.taggedtechnologies", "pk": 4, "fields": {"tag": 6, "content_object": 1}}, {"model": "civictechprojects.taggedtechnologies", "pk": 5, "fields": {"tag": 4, "content_object": 2}}, {"model": "civictechprojects.taggedtechnologies", "pk": 6, "fields": {"tag": 6, "content_object": 2}}, {"model": "civictechprojects.taggedtechnologies", "pk": 7, "fields": {"tag": 16, "content_object": 3}}, {"model": "civictechprojects.taggedtechnologies", "pk": 8, "fields": {"tag": 3, "content_object": 3}}, {"model": "civictechprojects.taggedtechnologies", "pk": 9, "fields": {"tag": 17, "content_object": 3}}, {"model": "civictechprojects.taggedtechnologies", "pk": 10, "fields": {"tag": 4, "content_object": 3}}, {"model": "civictechprojects.taggedtechnologies", "pk": 11, "fields": {"tag": 6, "content_object": 3}}, {"model": "civictechprojects.taggedtechnologies", "pk": 12, "fields": {"tag": 18, "content_object": 3}}, {"model": "civictechprojects.taggedtechnologies", "pk": 13, "fields": {"tag": 24, "content_object": 4}}, {"model": "civictechprojects.taggedtechnologies", "pk": 14, "fields": {"tag": 25, "content_object": 4}}, {"model": "civictechprojects.taggedtechnologies", "pk": 15, "fields": {"tag": 5, "content_object": 4}}, {"model": "civictechprojects.taggedtechnologies", "pk": 16, "fields": {"tag": 26, "content_object": 4}}, {"model": "civictechprojects.taggedtechnologies", "pk": 17, "fields": {"tag": 17, "content_object": 6}}, {"model": "civictechprojects.taggedtechnologies", "pk": 18, "fields": {"tag": 4, "content_object": 6}}, {"model": "civictechprojects.taggedtechnologies", "pk": 19, "fields": {"tag": 6, "content_object": 6}}, {"model": "civictechprojects.taggedtechnologies", "pk": 20, "fields": {"tag": 4, "content_object": 7}}, {"model": "civictechprojects.taggedtechnologies", "pk": 21, "fields": {"tag": 34, "content_object": 7}}, {"model": "civictechprojects.taggedtechnologies", "pk": 22, "fields": {"tag": 6, "content_object": 7}}, {"model": "civictechprojects.taggedtechnologies", "pk": 23, "fields": {"tag": 35, "content_object": 7}}, {"model": "civictechprojects.taggedtechnologies", "pk": 24, "fields": {"tag": 37, "content_object": 8}}, {"model": "civictechprojects.taggedtechnologies", "pk": 25, "fields": {"tag": 4, "content_object": 9}}, {"model": "civictechprojects.taggedtechnologies", "pk": 26, "fields": {"tag": 38, "content_object": 9}}, {"model": "civictechprojects.taggedtechnologies", "pk": 27, "fields": {"tag": 6, "content_object": 9}}, {"model": "civictechprojects.taggedtechnologies", "pk": 28, "fields": {"tag": 25, "content_object": 11}}, {"model": "civictechprojects.taggedtechnologies", "pk": 29, "fields": {"tag": 41, "content_object": 11}}, {"model": "civictechprojects.taggedtechnologies", "pk": 30, "fields": {"tag": 42, "content_object": 11}}, {"model": "civictechprojects.taggedtechnologies", "pk": 31, "fields": {"tag": 43, "content_object": 12}}, {"model": "civictechprojects.taggedtechnologies", "pk": 32, "fields": {"tag": 44, "content_object": 12}}, {"model": "civictechprojects.taggedtechnologies", "pk": 33, "fields": {"tag": 3, "content_object": 12}}, {"model": "civictechprojects.taggedtechnologies", "pk": 34, "fields": {"tag": 24, "content_object": 13}}, {"model": "civictechprojects.taggedtechnologies", "pk": 35, "fields": {"tag": 4, "content_object": 13}}, {"model": "civictechprojects.taggedtechnologies", "pk": 36, "fields": {"tag": 46, "content_object": 13}}, {"model": "civictechprojects.taggedtechnologies", "pk": 37, "fields": {"tag": 47, "content_object": 14}}, {"model": "civictechprojects.taggedtechnologies", "pk": 38, "fields": {"tag": 48, "content_object": 14}}, {"model": "civictechprojects.taggedtechnologies", "pk": 39, "fields": {"tag": 6, "content_object": 14}}, {"model": "civictechprojects.taggedtechnologies", "pk": 40, "fields": {"tag": 17, "content_object": 16}}, {"model": "civictechprojects.taggedtechnologies", "pk": 41, "fields": {"tag": 38, "content_object": 16}}, {"model": "civictechprojects.taggedtechnologies", "pk": 42, "fields": {"tag": 50, "content_object": 17}}, {"model": "civictechprojects.taggedtechnologies", "pk": 43, "fields": {"tag": 18, "content_object": 19}}, {"model": "civictechprojects.taggedtechnologies", "pk": 44, "fields": {"tag": 54, "content_object": 20}}, {"model": "civictechprojects.taggedtechnologies", "pk": 45, "fields": {"tag": 55, "content_object": 20}}, {"model": "civictechprojects.taggedtechnologies", "pk": 46, "fields": {"tag": 56, "content_object": 20}}, {"model": "civictechprojects.taggedtechnologies", "pk": 47, "fields": {"tag": 18, "content_object": 21}}, {"model": "civictechprojects.taggedtechnologies", "pk": 48, "fields": {"tag": 57, "content_object": 22}}, {"model": "civictechprojects.taggedtechnologies", "pk": 49, "fields": {"tag": 6, "content_object": 22}}, {"model": "civictechprojects.taggedtechnologies", "pk": 50, "fields": {"tag": 26, "content_object": 22}}, {"model": "civictechprojects.taggedtechnologies", "pk": 51, "fields": {"tag": 18, "content_object": 1}}, {"model": "civictechprojects.taggedorganization", "pk": 1, "fields": {"tag": 7, "content_object": 1}}, {"model": "civictechprojects.taggedorganization", "pk": 2, "fields": {"tag": 12, "content_object": 2}}, {"model": "civictechprojects.taggedorganization", "pk": 3, "fields": {"tag": 12, "content_object": 3}}, {"model": "civictechprojects.taggedorganization", "pk": 4, "fields": {"tag": 7, "content_object": 4}}, {"model": "civictechprojects.taggedorganization", "pk": 5, "fields": {"tag": 29, "content_object": 5}}, {"model": "civictechprojects.taggedorganization", "pk": 6, "fields": {"tag": 33, "content_object": 6}}, {"model": "civictechprojects.taggedorganization", "pk": 7, "fields": {"tag": 7, "content_object": 8}}, {"model": "civictechprojects.taggedorganization", "pk": 8, "fields": {"tag": 39, "content_object": 9}}, {"model": "civictechprojects.taggedorganization", "pk": 9, "fields": {"tag": 39, "content_object": 10}}, {"model": "civictechprojects.taggedorganization", "pk": 10, "fields": {"tag": 33, "content_object": 11}}, {"model": "civictechprojects.taggedorganization", "pk": 11, "fields": {"tag": 39, "content_object": 14}}, {"model": "civictechprojects.taggedorganization", "pk": 12, "fields": {"tag": 49, "content_object": 16}}, {"model": "civictechprojects.taggedorganization", "pk": 13, "fields": {"tag": 7, "content_object": 17}}, {"model": "civictechprojects.taggedorganization", "pk": 14, "fields": {"tag": 29, "content_object": 19}}, {"model": "civictechprojects.taggedorganization", "pk": 15, "fields": {"tag": 29, "content_object": 21}}, {"model": "civictechprojects.taggedorganizationtype", "pk": 1, "fields": {"tag": 8, "content_object": 1}}, {"model": "civictechprojects.taggedorganizationtype", "pk": 2, "fields": {"tag": 13, "content_object": 2}}, {"model": "civictechprojects.taggedorganizationtype", "pk": 3, "fields": {"tag": 13, "content_object": 3}}, {"model": "civictechprojects.taggedorganizationtype", "pk": 4, "fields": {"tag": 27, "content_object": 4}}, {"model": "civictechprojects.taggedorganizationtype", "pk": 5, "fields": {"tag": 30, "content_object": 5}}, {"model": "civictechprojects.taggedorganizationtype", "pk": 6, "fields": {"tag": 27, "content_object": 6}}, {"model": "civictechprojects.taggedorganizationtype", "pk": 7, "fields": {"tag": 8, "content_object": 8}}, {"model": "civictechprojects.taggedorganizationtype", "pk": 8, "fields": {"tag": 27, "content_object": 9}}, {"model": "civictechprojects.taggedorganizationtype", "pk": 9, "fields": {"tag": 8, "content_object": 10}}, {"model": "civictechprojects.taggedorganizationtype", "pk": 10, "fields": {"tag": 8, "content_object": 11}}, {"model": "civictechprojects.taggedorganizationtype", "pk": 11, "fields": {"tag": 8, "content_object": 14}}, {"model": "civictechprojects.taggedorganizationtype", "pk": 12, "fields": {"tag": 51, "content_object": 17}}, {"model": "civictechprojects.taggedpositionrole", "pk": 1, "fields": {"tag": 9, "content_object": 1}}, {"model": "civictechprojects.taggedpositionrole", "pk": 2, "fields": {"tag": 19, "content_object": 2}}, {"model": "civictechprojects.taggedpositionrole", "pk": 3, "fields": {"tag": 20, "content_object": 3}}, {"model": "civictechprojects.taggedpositionrole", "pk": 4, "fields": {"tag": 21, "content_object": 4}}, {"model": "civictechprojects.projectposition", "pk": 1, "fields": {"position_project": 1, "position_description": "HACKATHON EVENT MANAGER: DemocrayLab's hackathons are an important driver of participation in our platform. We need help to keep them running smoothly.", "description_url": "https://docs.google.com/document/d/1Skfutwl9tI3xDcAGESmJlJGIAHAKu4Czpo-CjwSxqc8/edit?usp=sharing"}}, {"model": "civictechprojects.projectposition", "pk": 2, "fields": {"position_project": 3, "position_description": "Ideally familiar with Elixir/Phoenix, or excited to learn about these new tools.", "description_url": ""}}, {"model": "civictechprojects.projectposition", "pk": 3, "fields": {"position_project": 3, "position_description": "Work in Elixir/Phoenix framework and UX/UI/design folks to add features via the Github Orcasite repository.", "description_url": "https://github.com/orcasound/orcasite"}}, {"model": "civictechprojects.projectposition", "pk": 4, "fields": {"position_project": 3, "position_description": "Each Orcasound repository could use a project manager as the open-source project and its volunteer community grow.", "description_url": "http://github.com/orcasound"}}, {"model": "civictechprojects.taggedvolunteerrole", "pk": 1, "fields": {"tag": 9, "content_object": 1}}, {"model": "common.tag", "pk": 1, "fields": {"tag_name": "ideation-stage", "display_name": "1 - Ideation", "caption": "", "category": "Project Stage", "subcategory": "", "parent": ""}}, {"model": "common.tag", "pk": 2, "fields": {"tag_name": "research-stage", "display_name": "2 - Research", "caption": "", "category": "Project Stage", "subcategory": "", "parent": ""}}, {"model": "common.tag", "pk": 3, "fields": {"tag_name": "design-stage", "display_name": "3 - Design", "caption": "", "category": "Project Stage", "subcategory": "", "parent": ""}}, {"model": "common.tag", "pk": 4, "fields": {"tag_name": "development-stage", "display_name": "4 - Development", "caption": "", "category": "Project Stage", "subcategory": "", "parent": ""}}, {"model": "common.tag", "pk": 5, "fields": {"tag_name": "mvp-stage", "display_name": "5 - MVP", "caption": "", "category": "Project Stage", "subcategory": "", "parent": ""}}, {"model": "common.tag", "pk": 6, "fields": {"tag_name": "active-stage", "display_name": "6 - Active", "caption": "", "category": "Project Stage", "subcategory": "", "parent": ""}}, {"model": "common.tag", "pk": 7, "fields": {"tag_name": "updated", "display_name": "Updated", "caption": "Project has posted an update within last 7 days", "category": "Status", "subcategory": "", "parent": ""}}, {"model": "common.tag", "pk": 8, "fields": {"tag_name": "active", "display_name": "Active", "caption": "Project has posted an update within last 30 days", "category": "Status", "subcategory": "", "parent": ""}}, {"model": "common.tag", "pk": 9, "fields": {"tag_name": "less-active", "display_name": "Less Active", "caption": "Project has posted an update within last 90 days", "category": "Status", "subcategory": "", "parent": ""}}, {"model": "common.tag", "pk": 10, "fields": {"tag_name": "dormant", "display_name": "Dormant", "caption": "Project has posted an update within last 365 days", "category": "Status", "subcategory": "", "parent": ""}}, {"model": "common.tag", "pk": 11, "fields": {"tag_name": "abandoned", "display_name": "Abandoned", "caption": "Project has not posted an update within past year", "category": "Status", "subcategory": "", "parent": ""}}, {"model": "common.tag", "pk": 12, "fields": {"tag_name": "accounting", "display_name": "Accounting", "caption": "", "category": "Project Need", "subcategory": "", "parent": ""}}, {"model": "common.tag", "pk": 13, "fields": {"tag_name": "back-end-development", "display_name": "Back-End Software Development", "caption": "", "category": "Project Need", "subcategory": "", "parent": ""}}, {"model": "common.tag", "pk": 14, "fields": {"tag_name": "business strategy", "display_name": "Business Strategy", "caption": "", "category": "Project Need", "subcategory": "", "parent": ""}}, {"model": "common.tag", "pk": 15, "fields": {"tag_name": "copywriting", "display_name": "Copywriting", "caption": "", "category": "Project Need", "subcategory": "", "parent": ""}}, {"model": "common.tag", "pk": 16, "fields": {"tag_name": "data-science", "display_name": "Data Science", "caption": "", "category": "Project Need", "subcategory": "", "parent": ""}}, {"model": "common.tag", "pk": 17, "fields": {"tag_name": "data-visualization", "display_name": "Data Visualization", "caption": "", "category": "Project Need", "subcategory": "", "parent": ""}}, {"model": "common.tag", "pk": 18, "fields": {"tag_name": "database-architecture", "display_name": "Database Architecture", "caption": "", "category": "Project Need", "subcategory": "", "parent": ""}}, {"model": "common.tag", "pk": 19, "fields": {"tag_name": "front-end-development", "display_name": "Front-End Software Development", "caption": "", "category": "Project Need", "subcategory": "", "parent": ""}}, {"model": "common.tag", "pk": 20, "fields": {"tag_name": "fundraising", "display_name": "Fundraising", "caption": "", "category": "Project Need", "subcategory": "", "parent": ""}}, {"model": "common.tag", "pk": 21, "fields": {"tag_name": "graphic-design", "display_name": "Graphic Design", "caption": "", "category": "Project Need", "subcategory": "", "parent": ""}}, {"model": "common.tag", "pk": 22, "fields": {"tag_name": "legal-services", "display_name": "Legal Services", "caption": "", "category": "Project Need", "subcategory": "", "parent": ""}}, {"model": "common.tag", "pk": 23, "fields": {"tag_name": "project-management", "display_name": "Project Management", "caption": "", "category": "Project Need", "subcategory": "", "parent": ""}}, {"model": "common.tag", "pk": 24, "fields": {"tag_name": "need-research", "display_name": "Research", "caption": "", "category": "Project Need", "subcategory": "", "parent": ""}}, {"model": "common.tag", "pk": 25, "fields": {"tag_name": "user-interface", "display_name": "User Interface", "caption": "", "category": "Project Need", "subcategory": "", "parent": ""}}, {"model": "common.tag", "pk": 26, "fields": {"tag_name": "user-experience", "display_name": "User Experience", "caption": "", "category": "Project Need", "subcategory": "", "parent": ""}}, {"model": "common.tag", "pk": 27, "fields": {"tag_name": "other-need", "display_name": "Other", "caption": "", "category": "Project Need", "subcategory": "", "parent": ""}}, {"model": "common.tag", "pk": 28, "fields": {"tag_name": "no-specific-issue", "display_name": "No Specific Issue", "caption": "", "category": "Issue(s) Addressed", "subcategory": "", "parent": ""}}, {"model": "common.tag", "pk": 29, "fields": {"tag_name": "1st-amendment", "display_name": "1st Amendment", "caption": "", "category": "Issue(s) Addressed", "subcategory": "", "parent": ""}}, {"model": "common.tag", "pk": 30, "fields": {"tag_name": "2nd-amendment", "display_name": "2nd Amendment", "caption": "", "category": "Issue(s) Addressed", "subcategory": "", "parent": ""}}, {"model": "common.tag", "pk": 31, "fields": {"tag_name": "civic-infrastructure", "display_name": "Civic Infrastructure", "caption": "", "category": "Issue(s) Addressed", "subcategory": "", "parent": ""}}, {"model": "common.tag", "pk": 32, "fields": {"tag_name": "cultural-issues", "display_name": "Cultural Issues", "caption": "", "category": "Issue(s) Addressed", "subcategory": "", "parent": ""}}, {"model": "common.tag", "pk": 33, "fields": {"tag_name": "economy", "display_name": "Economy", "caption": "", "category": "Issue(s) Addressed", "subcategory": "", "parent": ""}}, {"model": "common.tag", "pk": 34, "fields": {"tag_name": "education", "display_name": "Education", "caption": "", "category": "Issue(s) Addressed", "subcategory": "", "parent": ""}}, {"model": "common.tag", "pk": 35, "fields": {"tag_name": "environment", "display_name": "Environment", "caption": "", "category": "Issue(s) Addressed", "subcategory": "", "parent": ""}}, {"model": "common.tag", "pk": 36, "fields": {"tag_name": "health-care", "display_name": "Health Care", "caption": "", "category": "Issue(s) Addressed", "subcategory": "", "parent": ""}}, {"model": "common.tag", "pk": 37, "fields": {"tag_name": "homelessness", "display_name": "Homelessness", "caption": "", "category": "Issue(s) Addressed", "subcategory": "", "parent": ""}}, {"model": "common.tag", "pk": 38, "fields": {"tag_name": "housing", "display_name": "Housing Policies", "caption": "", "category": "Issue(s) Addressed", "subcategory": "", "parent": ""}}, {"model": "common.tag", "pk": 39, "fields": {"tag_name": "immigration", "display_name": "Immigration", "caption": "", "category": "Issue(s) Addressed", "subcategory": "", "parent": ""}}, {"model": "common.tag", "pk": 40, "fields": {"tag_name": "international-issues", "display_name": "International Issues", "caption": "", "category": "Issue(s) Addressed", "subcategory": "", "parent": ""}}, {"model": "common.tag", "pk": 41, "fields": {"tag_name": "national-security", "display_name": "National Security", "caption": "", "category": "Issue(s) Addressed", "subcategory": "", "parent": ""}}, {"model": "common.tag", "pk": 42, "fields": {"tag_name": "political-reform", "display_name": "Political Reform", "caption": "", "category": "Issue(s) Addressed", "subcategory": "", "parent": ""}}, {"model": "common.tag", "pk": 43, "fields": {"tag_name": "public-safety", "display_name": "Public Safety", "caption": "", "category": "Issue(s) Addressed", "subcategory": "", "parent": ""}}, {"model": "common.tag", "pk": 44, "fields": {"tag_name": "social-justice", "display_name": "Social Justice", "caption": "", "category": "Issue(s) Addressed", "subcategory": "", "parent": ""}}, {"model": "common.tag", "pk": 45, "fields": {"tag_name": "taxes", "display_name": "Taxes", "caption": "", "category": "Issue(s) Addressed", "subcategory": "", "parent": ""}}, {"model": "common.tag", "pk": 46, "fields": {"tag_name": "transportation", "display_name": "Transportation", "caption": "", "category": "Issue(s) Addressed", "subcategory": "", "parent": ""}}, {"model": "common.tag", "pk": 47, "fields": {"tag_name": "other-issue", "display_name": "Other Issue", "caption": "", "category": "Issue(s) Addressed", "subcategory": "", "parent": ""}}, {"model": "common.tag", "pk": 48, "fields": {"tag_name": "python", "display_name": "Python", "caption": "", "category": "Technologies Used", "subcategory": "Programming Language", "parent": ""}}, {"model": "common.tag", "pk": 49, "fields": {"tag_name": "c", "display_name": "C", "caption": "", "category": "Technologies Used", "subcategory": "Programming Language", "parent": ""}}, {"model": "common.tag", "pk": 50, "fields": {"tag_name": "java", "display_name": "Java", "caption": "", "category": "Technologies Used", "subcategory": "Programming Language", "parent": ""}}, {"model": "common.tag", "pk": 51, "fields": {"tag_name": "c-plusplus", "display_name": "C++", "caption": "", "category": "Technologies Used", "subcategory": "Programming Language", "parent": ""}}, {"model": "common.tag", "pk": 52, "fields": {"tag_name": "c-sharp", "display_name": "C#", "caption": "", "category": "Technologies Used", "subcategory": "Programming Language", "parent": ""}}, {"model": "common.tag", "pk": 53, "fields": {"tag_name": "r", "display_name": "R", "caption": "", "category": "Technologies Used", "subcategory": "Programming Language", "parent": ""}}, {"model": "common.tag", "pk": 54, "fields": {"tag_name": "javascript", "display_name": "JavaScript", "caption": "", "category": "Technologies Used", "subcategory": "Programming Language", "parent": ""}}, {"model": "common.tag", "pk": 55, "fields": {"tag_name": "php", "display_name": "PHP", "caption": "", "category": "Technologies Used", "subcategory": "Programming Language", "parent": ""}}, {"model": "common.tag", "pk": 56, "fields": {"tag_name": "go", "display_name": "Go", "caption": "", "category": "Technologies Used", "subcategory": "Programming Language", "parent": ""}}, {"model": "common.tag", "pk": 57, "fields": {"tag_name": "swift", "display_name": "Swift", "caption": "", "category": "Technologies Used", "subcategory": "Programming Language", "parent": ""}}, {"model": "common.tag", "pk": 58, "fields": {"tag_name": "arduino", "display_name": "Arduino", "caption": "", "category": "Technologies Used", "subcategory": "Platform", "parent": ""}}, {"model": "common.tag", "pk": 59, "fields": {"tag_name": "ruby", "display_name": "Ruby", "caption": "", "category": "Technologies Used", "subcategory": "Programming Language", "parent": ""}}, {"model": "common.tag", "pk": 60, "fields": {"tag_name": "assembly", "display_name": "Assembly", "caption": "", "category": "Technologies Used", "subcategory": "Programming Language", "parent": ""}}, {"model": "common.tag", "pk": 61, "fields": {"tag_name": "scala", "display_name": "Scala", "caption": "", "category": "Technologies Used", "subcategory": "Programming Language", "parent": ""}}, {"model": "common.tag", "pk": 62, "fields": {"tag_name": "matlab", "display_name": "Matlab", "caption": "", "category": "Technologies Used", "subcategory": "Programming Language", "parent": ""}}, {"model": "common.tag", "pk": 63, "fields": {"tag_name": "html", "display_name": "HTML", "caption": "", "category": "Technologies Used", "subcategory": "Programming Language", "parent": ""}}, {"model": "common.tag", "pk": 64, "fields": {"tag_name": "shell", "display_name": "Shell", "caption": "", "category": "Technologies Used", "subcategory": "Programming Language", "parent": ""}}, {"model": "common.tag", "pk": 65, "fields": {"tag_name": "perl", "display_name": "Perl", "caption": "", "category": "Technologies Used", "subcategory": "Programming Language", "parent": ""}}, {"model": "common.tag", "pk": 66, "fields": {"tag_name": "visual-basic", "display_name": "Visual Basic", "caption": "", "category": "Technologies Used", "subcategory": "Programming Language", "parent": ""}}, {"model": "common.tag", "pk": 67, "fields": {"tag_name": "cuda", "display_name": "CUDA", "caption": "", "category": "Technologies Used", "subcategory": "Platform", "parent": ""}}, {"model": "common.tag", "pk": 68, "fields": {"tag_name": "lua", "display_name": "Lua", "caption": "", "category": "Technologies Used", "subcategory": "Programming Language", "parent": ""}}, {"model": "common.tag", "pk": 69, "fields": {"tag_name": "rust", "display_name": "Rust", "caption": "", "category": "Technologies Used", "subcategory": "Programming Language", "parent": ""}}, {"model": "common.tag", "pk": 70, "fields": {"tag_name": "sql", "display_name": "SQL", "caption": "", "category": "Technologies Used", "subcategory": "Programming Language", "parent": ""}}, {"model": "common.tag", "pk": 71, "fields": {"tag_name": "processing", "display_name": "Processing", "caption": "", "category": "Technologies Used", "subcategory": "Programming Language", "parent": ""}}, {"model": "common.tag", "pk": 72, "fields": {"tag_name": "haskell", "display_name": "Haskell", "caption": "", "category": "Technologies Used", "subcategory": "Programming Language", "parent": ""}}, {"model": "common.tag", "pk": 73, "fields": {"tag_name": "typescript", "display_name": "TypeScript", "caption": "", "category": "Technologies Used", "subcategory": "Programming Language", "parent": ""}}, {"model": "common.tag", "pk": 74, "fields": {"tag_name": "android", "display_name": "Android", "caption": "", "category": "Technologies Used", "subcategory": "Platform", "parent": ""}}, {"model": "common.tag", "pk": 75, "fields": {"tag_name": "ios", "display_name": "iOS", "caption": "", "category": "Technologies Used", "subcategory": "Platform", "parent": ""}}, {"model": "common.tag", "pk": 76, "fields": {"tag_name": "web", "display_name": "Web", "caption": "", "category": "Technologies Used", "subcategory": "Platform", "parent": ""}}, {"model": "common.tag", "pk": 77, "fields": {"tag_name": "asp-net", "display_name": "ASP.NET", "caption": "", "category": "Technologies Used", "subcategory": "Web Framework", "parent": ""}}, {"model": "common.tag", "pk": 78, "fields": {"tag_name": "asp-net-mvc", "display_name": "ASP.NET MVC", "caption": "", "category": "Technologies Used", "subcategory": "Web Framework", "parent": ""}}, {"model": "common.tag", "pk": 79, "fields": {"tag_name": "angular", "display_name": "Angular", "caption": "", "category": "Technologies Used", "subcategory": "Web Framework", "parent": ""}}, {"model": "common.tag", "pk": 80, "fields": {"tag_name": "angular-js", "display_name": "AngularJS", "caption": "", "category": "Technologies Used", "subcategory": "Web Framework", "parent": ""}}, {"model": "common.tag", "pk": 81, "fields": {"tag_name": "code-igniter", "display_name": "CodeIgniter", "caption": "", "category": "Technologies Used", "subcategory": "Web Framework", "parent": ""}}, {"model": "common.tag", "pk": 82, "fields": {"tag_name": "django", "display_name": "Django", "caption": "", "category": "Technologies Used", "subcategory": "Web Framework", "parent": ""}}, {"model": "common.tag", "pk": 83, "fields": {"tag_name": "ember-js", "display_name": "Ember.js", "caption": "", "category": "Technologies Used", "subcategory": "Web Framework", "parent": ""}}, {"model": "common.tag", "pk": 84, "fields": {"tag_name": "express", "display_name": "Express", "caption": "", "category": "Technologies Used", "subcategory": "Web Framework", "parent": ""}}, {"model": "common.tag", "pk": 85, "fields": {"tag_name": "flask", "display_name": "Flask", "caption": "", "category": "Technologies Used", "subcategory": "Web Framework", "parent": ""}}, {"model": "common.tag", "pk": 86, "fields": {"tag_name": "laravel", "display_name": "Laravel", "caption": "", "category": "Technologies Used", "subcategory": "Web Framework", "parent": ""}}, {"model": "common.tag", "pk": 87, "fields": {"tag_name": "meteor", "display_name": "Meteor", "caption": "", "category": "Technologies Used", "subcategory": "Web Framework", "parent": ""}}, {"model": "common.tag", "pk": 88, "fields": {"tag_name": "node-js", "display_name": "Node.js", "caption": "", "category": "Technologies Used", "subcategory": "Web Framework", "parent": ""}}, {"model": "common.tag", "pk": 89, "fields": {"tag_name": "react", "display_name": "React", "caption": "", "category": "Technologies Used", "subcategory": "Web Framework", "parent": ""}}, {"model": "common.tag", "pk": 90, "fields": {"tag_name": "ruby-on-rails", "display_name": "Ruby on Rails", "caption": "", "category": "Technologies Used", "subcategory": "Web Framework", "parent": ""}}, {"model": "common.tag", "pk": 91, "fields": {"tag_name": "spring-mvc", "display_name": "Spring MVC", "caption": "", "category": "Technologies Used", "subcategory": "Web Framework", "parent": ""}}, {"model": "common.tag", "pk": 92, "fields": {"tag_name": "symfony", "display_name": "Symfony", "caption": "", "category": "Technologies Used", "subcategory": "Web Framework", "parent": ""}}, {"model": "common.tag", "pk": 93, "fields": {"tag_name": "vue-js", "display_name": "Vue.js", "caption": "", "category": "Technologies Used", "subcategory": "Web Framework", "parent": ""}}, {"model": "common.tag", "pk": 94, "fields": {"tag_name": "amazon-aurora", "display_name": "Amazon Aurora", "caption": "", "category": "Technologies Used", "subcategory": "Database", "parent": ""}}, {"model": "common.tag", "pk": 95, "fields": {"tag_name": "amazon-dynamodb", "display_name": "Amazon DynamoDB", "caption": "", "category": "Technologies Used", "subcategory": "Database", "parent": ""}}, {"model": "common.tag", "pk": 96, "fields": {"tag_name": "cassandra", "display_name": "Cassandra", "caption": "", "category": "Technologies Used", "subcategory": "Database", "parent": ""}}, {"model": "common.tag", "pk": 97, "fields": {"tag_name": "ibm-db2", "display_name": "IBM Db2", "caption": "", "category": "Technologies Used", "subcategory": "Database", "parent": ""}}, {"model": "common.tag", "pk": 98, "fields": {"tag_name": "maria-db", "display_name": "MariaDB", "caption": "", "category": "Technologies Used", "subcategory": "Database", "parent": ""}}, {"model": "common.tag", "pk": 99, "fields": {"tag_name": "memcached", "display_name": "Memcached", "caption": "", "category": "Technologies Used", "subcategory": "Database", "parent": ""}}, {"model": "common.tag", "pk": 100, "fields": {"tag_name": "mongo-db", "display_name": "MongoDB", "caption": "", "category": "Technologies Used", "subcategory": "Database", "parent": ""}}, {"model": "common.tag", "pk": 101, "fields": {"tag_name": "my-sql", "display_name": "MySQL", "caption": "", "category": "Technologies Used", "subcategory": "Database", "parent": ""}}, {"model": "common.tag", "pk": 102, "fields": {"tag_name": "neo4j", "display_name": "Neo4j", "caption": "", "category": "Technologies Used", "subcategory": "Database", "parent": ""}}, {"model": "common.tag", "pk": 103, "fields": {"tag_name": "oracle-db", "display_name": "Oracle", "caption": "", "category": "Technologies Used", "subcategory": "Database", "parent": ""}}, {"model": "common.tag", "pk": 104, "fields": {"tag_name": "postgre-sql", "display_name": "PostgreSQL", "caption": "", "category": "Technologies Used", "subcategory": "Database", "parent": ""}}, {"model": "common.tag", "pk": 105, "fields": {"tag_name": "redis", "display_name": "Redis", "caption": "", "category": "Technologies Used", "subcategory": "Database", "parent": ""}}, {"model": "common.tag", "pk": 106, "fields": {"tag_name": "ms-sql-server", "display_name": "SQL Server", "caption": "", "category": "Technologies Used", "subcategory": "Database", "parent": ""}}, {"model": "common.tag", "pk": 107, "fields": {"tag_name": "sql-lite", "display_name": "SQLite", "caption": "", "category": "Technologies Used", "subcategory": "Database", "parent": ""}}, {"model": "common.tag", "pk": 108, "fields": {"tag_name": "wordpress", "display_name": "Wordpress", "caption": "", "category": "Technologies Used", "subcategory": "CMS", "parent": ""}}, {"model": "common.tag", "pk": 109, "fields": {"tag_name": "joomla", "display_name": "Joomla", "caption": "", "category": "Technologies Used", "subcategory": "CMS", "parent": ""}}, {"model": "common.tag", "pk": 110, "fields": {"tag_name": "drupal", "display_name": "Drupal", "caption": "", "category": "Technologies Used", "subcategory": "CMS", "parent": ""}}, {"model": "common.tag", "pk": 111, "fields": {"tag_name": "lutece", "display_name": "Lutece", "caption": "", "category": "Technologies Used", "subcategory": "CMS", "parent": ""}}, {"model": "common.tag", "pk": 112, "fields": {"tag_name": "keystone-js", "display_name": "Keystone.js", "caption": "", "category": "Technologies Used", "subcategory": "CMS", "parent": ""}}, {"model": "common.tag", "pk": 113, "fields": {"tag_name": "sketch", "display_name": "Sketch", "caption": "", "category": "Technologies Used", "subcategory": "Design", "parent": ""}}, {"model": "common.tag", "pk": 114, "fields": {"tag_name": "invision", "display_name": "InVision", "caption": "", "category": "Technologies Used", "subcategory": "Design", "parent": ""}}, {"model": "common.tag", "pk": 115, "fields": {"tag_name": "figma", "display_name": "Figma", "caption": "", "category": "Technologies Used", "subcategory": "Design", "parent": ""}}, {"model": "common.tag", "pk": 116, "fields": {"tag_name": "adobe-photoshop", "display_name": "Adobe Photoshop", "caption": "", "category": "Technologies Used", "subcategory": "Design", "parent": ""}}, {"model": "common.tag", "pk": 117, "fields": {"tag_name": "adobe-illustrator", "display_name": "Adobe Illustrator", "caption": "", "category": "Technologies Used", "subcategory": "Design", "parent": ""}}, {"model": "common.tag", "pk": 118, "fields": {"tag_name": "adobe-xd", "display_name": "Adobe XD", "caption": "", "category": "Technologies Used", "subcategory": "Design", "parent": ""}}, {"model": "common.tag", "pk": 119, "fields": {"tag_name": "adobe-indesign", "display_name": "Adobe InDesign", "caption": "", "category": "Technologies Used", "subcategory": "Design", "parent": ""}}, {"model": "common.tag", "pk": 120, "fields": {"tag_name": "adobe-creative-suite", "display_name": "Adobe Creative Suite", "caption": "", "category": "Technologies Used", "subcategory": "Design", "parent": ""}}, {"model": "common.tag", "pk": 121, "fields": {"tag_name": "framer", "display_name": "Framer", "caption": "", "category": "Technologies Used", "subcategory": "Design", "parent": ""}}, {"model": "common.tag", "pk": 122, "fields": {"tag_name": "zeplin", "display_name": "Zeplin", "caption": "", "category": "Technologies Used", "subcategory": "Design", "parent": ""}}, {"model": "common.tag", "pk": 123, "fields": {"tag_name": "marvel", "display_name": "Marvel", "caption": "", "category": "Technologies Used", "subcategory": "Design", "parent": ""}}, {"model": "common.tag", "pk": 124, "fields": {"tag_name": "origami", "display_name": "Origami", "caption": "", "category": "Technologies Used", "subcategory": "Design", "parent": ""}}, {"model": "common.tag", "pk": 125, "fields": {"tag_name": "omnigraffle", "display_name": "OmniGraffle", "caption": "", "category": "Technologies Used", "subcategory": "Design", "parent": ""}}, {"model": "common.tag", "pk": 126, "fields": {"tag_name": "balsamiq", "display_name": "Balsamiq", "caption": "", "category": "Technologies Used", "subcategory": "Design", "parent": ""}}, {"model": "common.tag", "pk": 127, "fields": {"tag_name": "axure", "display_name": "Axure", "caption": "", "category": "Technologies Used", "subcategory": "Design", "parent": ""}}, {"model": "common.tag", "pk": 128, "fields": {"tag_name": "government-efficiency", "display_name": "Government Efficiency", "caption": "", "category": "Project Category", "subcategory": "", "parent": ""}}, {"model": "common.tag", "pk": 129, "fields": {"tag_name": "civic-engagement", "display_name": "Civic Engagement", "caption": "", "category": "Project Category", "subcategory": "", "parent": ""}}, {"model": "common.tag", "pk": 130, "fields": {"tag_name": "community-organizing", "display_name": "Community Organizing", "caption": "", "category": "Project Category", "subcategory": "", "parent": ""}}, {"model": "common.tag", "pk": 131, "fields": {"tag_name": "infrastructure", "display_name": "Infrastructure", "caption": "", "category": "Project Category", "subcategory": "", "parent": ""}}, {"model": "common.tag", "pk": 132, "fields": {"tag_name": "media", "display_name": "Media", "caption": "", "category": "Project Category", "subcategory": "", "parent": ""}}, {"model": "common.tag", "pk": 133, "fields": {"tag_name": "other-category", "display_name": "Other Project Category", "caption": "", "category": "Project Category", "subcategory": "", "parent": ""}}, {"model": "common.tag", "pk": 134, "fields": {"tag_name": "gov-constituent-communication", "display_name": "Government to Constituent Communication", "caption": "", "category": "Project Category", "subcategory": "Product Subcategory", "parent": "government-efficiency"}}, {"model": "common.tag", "pk": 135, "fields": {"tag_name": "bureaucracy-tech", "display_name": "Bureaucracy Tech", "caption": "", "category": "Project Category", "subcategory": "Product Subcategory", "parent": "government-efficiency"}}, {"model": "common.tag", "pk": 136, "fields": {"tag_name": "open-data-publishing", "display_name": "Open Data Publishing", "caption": "", "category": "Project Category", "subcategory": "Product Subcategory", "parent": "government-efficiency"}}, {"model": "common.tag", "pk": 137, "fields": {"tag_name": "service-alerts", "display_name": "Service Alerts", "caption": "", "category": "Project Category", "subcategory": "Product Subcategory", "parent": "government-efficiency"}}, {"model": "common.tag", "pk": 138, "fields": {"tag_name": "issue-reporting", "display_name": "Issue Reporting", "caption": "", "category": "Project Category", "subcategory": "Product Subcategory", "parent": "government-efficiency"}}, {"model": "common.tag", "pk": 139, "fields": {"tag_name": "benfit-navigation", "display_name": "Benefit Navigation", "caption": "", "category": "Project Category", "subcategory": "Product Subcategory", "parent": "government-efficiency"}}, {"model": "common.tag", "pk": 140, "fields": {"tag_name": "freedom-of-information", "display_name": "Freedom of Information", "caption": "", "category": "Project Category", "subcategory": "Product Subcategory", "parent": "government-efficiency"}}, {"model": "common.tag", "pk": 141, "fields": {"tag_name": "watchdogging-and-transparency", "display_name": "Watchdogging and Transparency", "caption": "", "category": "Project Category", "subcategory": "Product Subcategory", "parent": "government-efficiency"}}, {"model": "common.tag", "pk": 142, "fields": {"tag_name": "sensors", "display_name": "Sensors", "caption": "", "category": "Project Category", "subcategory": "Product Subcategory", "parent": "government-efficiency"}}, {"model": "common.tag", "pk": 143, "fields": {"tag_name": "data-visualization-tools", "display_name": "Data Visualization", "caption": "", "category": "Project Category", "subcategory": "Product Subcategory", "parent": "government-efficiency"}}, {"model": "common.tag", "pk": 144, "fields": {"tag_name": "mapping", "display_name": "Mapping", "caption": "", "category": "Project Category", "subcategory": "Product Subcategory", "parent": "government-efficiency"}}, {"model": "common.tag", "pk": 145, "fields": {"tag_name": "constituent-gov-communication", "display_name": "Constituent to Government Communication", "caption": "", "category": "Project Category", "subcategory": "Product Subcategory", "parent": "civic-engagement"}}, {"model": "common.tag", "pk": 146, "fields": {"tag_name": "voting-reg-election-info", "display_name": "Voting, Registration and Election Info", "caption": "", "category": "Project Category", "subcategory": "Product Subcategory", "parent": "civic-engagement"}}, {"model": "common.tag", "pk": 147, "fields": {"tag_name": "candidacy-support", "display_name": "Candidacy Support", "caption": "", "category": "Project Category", "subcategory": "Product Subcategory", "parent": "civic-engagement"}}, {"model": "common.tag", "pk": 148, "fields": {"tag_name": "ideation", "display_name": "Ideation", "caption": "", "category": "Project Category", "subcategory": "Product Subcategory", "parent": "civic-engagement"}}, {"model": "common.tag", "pk": 149, "fields": {"tag_name": "online-petition-sites", "display_name": "Online Petition Sites", "caption": "", "category": "Project Category", "subcategory": "Product Subcategory", "parent": "civic-engagement"}}, {"model": "common.tag", "pk": 150, "fields": {"tag_name": "civic-forums", "display_name": "Civic Forums", "caption": "", "category": "Project Category", "subcategory": "Product Subcategory", "parent": "civic-engagement"}}, {"model": "common.tag", "pk": 151, "fields": {"tag_name": "opinion matching", "display_name": "Opinion Matching", "caption": "", "category": "Project Category", "subcategory": "Product Subcategory", "parent": "civic-engagement"}}, {"model": "common.tag", "pk": 152, "fields": {"tag_name": "legislation-engagement", "display_name": "Legislation Engagement", "caption": "", "category": "Project Category", "subcategory": "Product Subcategory", "parent": "civic-engagement"}}, {"model": "common.tag", "pk": 153, "fields": {"tag_name": "check-in-tools", "display_name": "Check-In Tools", "caption": "", "category": "Project Category", "subcategory": "Product Subcategory", "parent": "civic-engagement"}}, {"model": "common.tag", "pk": 154, "fields": {"tag_name": "crowdsourced-data-collection", "display_name": "Crowdsourced Data Collection", "caption": "", "category": "Project Category", "subcategory": "Product Subcategory", "parent": "civic-engagement"}}, {"model": "common.tag", "pk": 155, "fields": {"tag_name": "de-polarization-tech", "display_name": "De-Polarization Tech", "caption": "", "category": "Project Category", "subcategory": "Product Subcategory", "parent": "civic-engagement"}}, {"model": "common.tag", "pk": 156, "fields": {"tag_name": "crowdfunding", "display_name": "Crowdfunding", "caption": "", "category": "Project Category", "subcategory": "Project Subcategory", "parent": "community-organizing"}}, {"model": "common.tag", "pk": 157, "fields": {"tag_name": "marketplaces", "display_name": "Marketplaces", "caption": "", "category": "Project Category", "subcategory": "Project Subcategory", "parent": "community-organizing"}}, {"model": "common.tag", "pk": 158, "fields": {"tag_name": "collections", "display_name": "Collections", "caption": "", "category": "Project Category", "subcategory": "Project Subcategory", "parent": "community-organizing"}}, {"model": "common.tag", "pk": 159, "fields": {"tag_name": "campaign-organizing", "display_name": "Campaign-Organizing", "caption": "", "category": "Project Category", "subcategory": "Project Subcategory", "parent": "community-organizing"}}, {"model": "common.tag", "pk": 160, "fields": {"tag_name": "neighborhood-forums", "display_name": "Neighborhood Forums", "caption": "", "category": "Project Category", "subcategory": "Project Subcategory", "parent": "community-organizing"}}, {"model": "common.tag", "pk": 161, "fields": {"tag_name": "event-organizing", "display_name": "Event Organizing", "caption": "", "category": "Project Category", "subcategory": "Project Subcategory", "parent": "community-organizing"}}, {"model": "common.tag", "pk": 162, "fields": {"tag_name": "collaborative-calendars", "display_name": "Collaborative Calendars", "caption": "", "category": "Project Category", "subcategory": "Project Subcategory", "parent": "community-organizing"}}, {"model": "common.tag", "pk": 163, "fields": {"tag_name": "group-communication", "display_name": "Group Communication", "caption": "", "category": "Project Category", "subcategory": "Project Subcategory", "parent": "community-organizing"}}, {"model": "common.tag", "pk": 164, "fields": {"tag_name": "group-decision-making", "display_name": "Group Decision-Making", "caption": "", "category": "Project Category", "subcategory": "Project Subcategory", "parent": "community-organizing"}}, {"model": "common.tag", "pk": 165, "fields": {"tag_name": "activism-aggregation", "display_name": "Activism Aggregation", "caption": "", "category": "Project Category", "subcategory": "Project Subcategory", "parent": "community-organizing"}}, {"model": "common.tag", "pk": 166, "fields": {"tag_name": "resource-matching", "display_name": "Resource Matching", "caption": "", "category": "Project Category", "subcategory": "Project Subcategory", "parent": "community-organizing"}}, {"model": "common.tag", "pk": 167, "fields": {"tag_name": "artificial-intelligence", "display_name": "Artificial Intelligence", "caption": "", "category": "Project Category", "subcategory": "Project Subcategory", "parent": "infrastructure"}}, {"model": "common.tag", "pk": 168, "fields": {"tag_name": "data-schemes-and-standards", "display_name": "Data Schemes And Standards", "caption": "", "category": "Project Category", "subcategory": "Project Subcategory", "parent": "infrastructure"}}, {"model": "common.tag", "pk": 169, "fields": {"tag_name": "identity", "display_name": "Identity", "caption": "", "category": "Project Category", "subcategory": "Project Subcategory", "parent": "infrastructure"}}, {"model": "common.tag", "pk": 170, "fields": {"tag_name": "virtual/augmented-reality", "display_name": "Virtual/Augmented Reality", "caption": "", "category": "Project Category", "subcategory": "Project Subcategory", "parent": "infrastructure"}}, {"model": "common.tag", "pk": 171, "fields": {"tag_name": "blockchain", "display_name": "Blockchain", "caption": "", "category": "Project Category", "subcategory": "Project Subcategory", "parent": "infrastructure"}}, {"model": "common.tag", "pk": 172, "fields": {"tag_name": "hardware", "display_name": "Hardware", "caption": "", "category": "Project Category", "subcategory": "Project Subcategory", "parent": "infrastructure"}}, {"model": "common.tag", "pk": 173, "fields": {"tag_name": "journalism-action", "display_name": "Journalism Action", "caption": "", "category": "Project Category", "subcategory": "Project Subcategory", "parent": "media"}}, {"model": "common.tag", "pk": 174, "fields": {"tag_name": "media-analysis", "display_name": "Media and Social Media Analysis", "caption": "", "category": "Project Category", "subcategory": "Project Subcategory", "parent": "media"}}, {"model": "common.tag", "pk": 175, "fields": {"tag_name": "open-source", "display_name": "Open Source", "caption": "", "category": "Software License", "subcategory": "", "parent": ""}}, {"model": "common.tag", "pk": 176, "fields": {"tag_name": "propreitary", "display_name": "Propreitary", "caption": "", "category": "Software License", "subcategory": "Open Source License", "parent": "open-source"}}, {"model": "common.tag", "pk": 177, "fields": {"tag_name": "mit", "display_name": "MIT", "caption": "", "category": "Software License", "subcategory": "Open Source License", "parent": "open-source"}}, {"model": "common.tag", "pk": 178, "fields": {"tag_name": "gpl2", "display_name": "GPL 2.0", "caption": "", "category": "Software License", "subcategory": "Open Source License", "parent": "open-source"}}, {"model": "common.tag", "pk": 179, "fields": {"tag_name": "apache", "display_name": "Apache", "caption": "", "category": "Software License", "subcategory": "Open Source License", "parent": "open-source"}}, {"model": "common.tag", "pk": 180, "fields": {"tag_name": "gnu3", "display_name": "GNU 3.0", "caption": "", "category": "Software License", "subcategory": "Open Source License", "parent": "open-source"}}, {"model": "common.tag", "pk": 181, "fields": {"tag_name": "bsd2", "display_name": "BSD 2.0", "caption": "", "category": "Software License", "subcategory": "Open Source License", "parent": "open-source"}}, {"model": "common.tag", "pk": 182, "fields": {"tag_name": "isc", "display_name": "ISC", "caption": "", "category": "Software License", "subcategory": "Open Source License", "parent": "open-source"}}, {"model": "common.tag", "pk": 183, "fields": {"tag_name": "artistic", "display_name": "Artistic", "caption": "", "category": "Software License", "subcategory": "Open Source License", "parent": "open-source"}}, {"model": "common.tag", "pk": 184, "fields": {"tag_name": "lgpl2.1", "display_name": "LGPL 2.1", "caption": "", "category": "Software License", "subcategory": "Open Source License", "parent": "open-source"}}, {"model": "common.tag", "pk": 185, "fields": {"tag_name": "lgpl3", "display_name": "LGPL 3.0", "caption": "", "category": "Software License", "subcategory": "Open Source License", "parent": "open-source"}}, {"model": "common.tag", "pk": 186, "fields": {"tag_name": "other-open-source-license", "display_name": "Other Open Source License", "caption": "", "category": "Software License", "subcategory": "Open Source License", "parent": "open-source"}}, {"model": "common.tag", "pk": 187, "fields": {"tag_name": "front-end-developer", "display_name": "Front-End Developer", "caption": "", "category": "Role", "subcategory": "Software Development", "parent": ""}}, {"model": "common.tag", "pk": 188, "fields": {"tag_name": "back-end-developer", "display_name": "Back-End Developer", "caption": "", "category": "Role", "subcategory": "Software Development", "parent": ""}}, {"model": "common.tag", "pk": 189, "fields": {"tag_name": "full-stack-developer", "display_name": "Full Stack Developer", "caption": "", "category": "Role", "subcategory": "Software Development", "parent": ""}}, {"model": "common.tag", "pk": 190, "fields": {"tag_name": "technical-lead", "display_name": "Technical Lead", "caption": "", "category": "Role", "subcategory": "Software Development", "parent": ""}}, {"model": "common.tag", "pk": 191, "fields": {"tag_name": "dev-ops", "display_name": "DevOps", "caption": "", "category": "Role", "subcategory": "Software Development", "parent": ""}}, {"model": "common.tag", "pk": 192, "fields": {"tag_name": "project-manager", "display_name": "Project Manager", "caption": "", "category": "Role", "subcategory": "Software Development", "parent": ""}}, {"model": "common.tag", "pk": 193, "fields": {"tag_name": "product-manager", "display_name": "Product Manager", "caption": "", "category": "Role", "subcategory": "Software Development", "parent": ""}}, {"model": "common.tag", "pk": 194, "fields": {"tag_name": "team-mentor", "display_name": "Team Mentor", "caption": "", "category": "Role", "subcategory": "Software Development", "parent": ""}}, {"model": "common.tag", "pk": 195, "fields": {"tag_name": "test-user", "display_name": "Test User", "caption": "", "category": "Role", "subcategory": "Testing", "parent": ""}}, {"model": "common.tag", "pk": 196, "fields": {"tag_name": "test-engineer", "display_name": "Test Engineer", "caption": "", "category": "Role", "subcategory": "Testing", "parent": ""}}, {"model": "common.tag", "pk": 197, "fields": {"tag_name": "user-researcher", "display_name": "User Researcher", "caption": "", "category": "Role", "subcategory": "Design", "parent": ""}}, {"model": "common.tag", "pk": 198, "fields": {"tag_name": "ux-designer", "display_name": "UX Designer", "caption": "", "category": "Role", "subcategory": "Design", "parent": ""}}, {"model": "common.tag", "pk": 199, "fields": {"tag_name": "ui-designer", "display_name": "UI Designer", "caption": "", "category": "Role", "subcategory": "Design", "parent": ""}}, {"model": "common.tag", "pk": 200, "fields": {"tag_name": "graphic-designer", "display_name": "Graphic Designer", "caption": "", "category": "Role", "subcategory": "Design", "parent": ""}}, {"model": "common.tag", "pk": 201, "fields": {"tag_name": "creative-director", "display_name": "Creative Director", "caption": "", "category": "Role", "subcategory": "Design", "parent": ""}}, {"model": "common.tag", "pk": 202, "fields": {"tag_name": "business-general", "display_name": "General", "caption": "", "category": "Role", "subcategory": "Business", "parent": ""}}, {"model": "common.tag", "pk": 203, "fields": {"tag_name": "market-research", "display_name": "Market Research", "caption": "", "category": "Role", "subcategory": "Business", "parent": ""}}, {"model": "common.tag", "pk": 204, "fields": {"tag_name": "marketing", "display_name": "Marketing", "caption": "", "category": "Role", "subcategory": "Business", "parent": ""}}, {"model": "common.tag", "pk": 205, "fields": {"tag_name": "sales", "display_name": "Sales", "caption": "", "category": "Role", "subcategory": "Business", "parent": ""}}, {"model": "common.tag", "pk": 206, "fields": {"tag_name": "business-operations", "display_name": "Operations", "caption": "", "category": "Role", "subcategory": "Business", "parent": ""}}, {"model": "common.tag", "pk": 207, "fields": {"tag_name": "business-management", "display_name": "Management", "caption": "", "category": "Role", "subcategory": "Business", "parent": ""}}, {"model": "common.tag", "pk": 208, "fields": {"tag_name": "business-strategy", "display_name": "Strategy", "caption": "", "category": "Role", "subcategory": "Business", "parent": ""}}, {"model": "common.tag", "pk": 209, "fields": {"tag_name": "business-legal", "display_name": "Legal", "caption": "", "category": "Role", "subcategory": "Business", "parent": ""}}, {"model": "common.tag", "pk": 210, "fields": {"tag_name": "business-accounting", "display_name": "Accounting", "caption": "", "category": "Role", "subcategory": "Business", "parent": ""}}, {"model": "common.tag", "pk": 211, "fields": {"tag_name": "business-analyst", "display_name": "Analyst", "caption": "", "category": "Role", "subcategory": "Business", "parent": ""}}, {"model": "common.tag", "pk": 212, "fields": {"tag_name": "project-reporter", "display_name": "Storyteller", "caption": "", "category": "Role", "subcategory": "Business", "parent": ""}}, {"model": "common.tag", "pk": 213, "fields": {"tag_name": "sme-no-specific-issue", "display_name": "No Specific Issue", "caption": "", "category": "Role", "subcategory": "Subject Matter Expert", "parent": ""}}, {"model": "common.tag", "pk": 214, "fields": {"tag_name": "sme-1st-amendment", "display_name": "1st Amendment", "caption": "", "category": "Role", "subcategory": "Subject Matter Expert", "parent": ""}}, {"model": "common.tag", "pk": 215, "fields": {"tag_name": "sme-2nd-amendment", "display_name": "2nd Amendment", "caption": "", "category": "Role", "subcategory": "Subject Matter Expert", "parent": ""}}, {"model": "common.tag", "pk": 216, "fields": {"tag_name": "sme-civic-infrastructure", "display_name": "Civic Infrastructure", "caption": "", "category": "Role", "subcategory": "Subject Matter Expert", "parent": ""}}, {"model": "common.tag", "pk": 217, "fields": {"tag_name": "sme-cultural-issues", "display_name": "Cultural Issues", "caption": "", "category": "Role", "subcategory": "Subject Matter Expert", "parent": ""}}, {"model": "common.tag", "pk": 218, "fields": {"tag_name": "sme-economy", "display_name": "Economy", "caption": "", "category": "Role", "subcategory": "Subject Matter Expert", "parent": ""}}, {"model": "common.tag", "pk": 219, "fields": {"tag_name": "sme-education", "display_name": "Education", "caption": "", "category": "Role", "subcategory": "Subject Matter Expert", "parent": ""}}, {"model": "common.tag", "pk": 220, "fields": {"tag_name": "sme-environment", "display_name": "Environment", "caption": "", "category": "Role", "subcategory": "Subject Matter Expert", "parent": ""}}, {"model": "common.tag", "pk": 221, "fields": {"tag_name": "sme-health-care", "display_name": "Health Care", "caption": "", "category": "Role", "subcategory": "Subject Matter Expert", "parent": ""}}, {"model": "common.tag", "pk": 222, "fields": {"tag_name": "sme-homelessness", "display_name": "Homelessness", "caption": "", "category": "Role", "subcategory": "Subject Matter Expert", "parent": ""}}, {"model": "common.tag", "pk": 223, "fields": {"tag_name": "sme-housing", "display_name": "Housing Policies", "caption": "", "category": "Role", "subcategory": "Subject Matter Expert", "parent": ""}}, {"model": "common.tag", "pk": 224, "fields": {"tag_name": "sme-immigration", "display_name": "Immigration", "caption": "", "category": "Role", "subcategory": "Subject Matter Expert", "parent": ""}}, {"model": "common.tag", "pk": 225, "fields": {"tag_name": "sme-international-issues", "display_name": "International Issues", "caption": "", "category": "Role", "subcategory": "Subject Matter Expert", "parent": ""}}, {"model": "common.tag", "pk": 226, "fields": {"tag_name": "sme-national-security", "display_name": "National Security", "caption": "", "category": "Role", "subcategory": "Subject Matter Expert", "parent": ""}}, {"model": "common.tag", "pk": 227, "fields": {"tag_name": "sme-political-reform", "display_name": "Political Reform", "caption": "", "category": "Role", "subcategory": "Subject Matter Expert", "parent": ""}}, {"model": "common.tag", "pk": 228, "fields": {"tag_name": "sme-public-safety", "display_name": "Public Safety", "caption": "", "category": "Role", "subcategory": "Subject Matter Expert", "parent": ""}}, {"model": "common.tag", "pk": 229, "fields": {"tag_name": "sme-social-justice", "display_name": "Social Justice", "caption": "", "category": "Role", "subcategory": "Subject Matter Expert", "parent": ""}}, {"model": "common.tag", "pk": 230, "fields": {"tag_name": "sme-taxes", "display_name": "Taxes", "caption": "", "category": "Role", "subcategory": "Subject Matter Expert", "parent": ""}}, {"model": "common.tag", "pk": 231, "fields": {"tag_name": "sme-transportation", "display_name": "Transportation", "caption": "", "category": "Role", "subcategory": "Subject Matter Expert", "parent": ""}}, {"model": "common.tag", "pk": 232, "fields": {"tag_name": "sme-other-issue", "display_name": "Other Issue", "caption": "", "category": "Role", "subcategory": "Subject Matter Expert", "parent": ""}}, {"model": "common.tag", "pk": 233, "fields": {"tag_name": "business-fundraising", "display_name": "Fundraising", "caption": "", "category": "Role", "subcategory": "Business", "parent": ""}}, {"model": "common.tag", "pk": 234, "fields": {"tag_name": "data-analyst", "display_name": "Data Analyst", "caption": "", "category": "Role", "subcategory": "Data", "parent": ""}}, {"model": "common.tag", "pk": 235, "fields": {"tag_name": "data-architect", "display_name": "Data Architect", "caption": "", "category": "Role", "subcategory": "Data", "parent": ""}}, {"model": "common.tag", "pk": 236, "fields": {"tag_name": "data-security", "display_name": "Data Security", "caption": "", "category": "Role", "subcategory": "Data", "parent": ""}}, {"model": "common.tag", "pk": 237, "fields": {"tag_name": "data-quality-assurance", "display_name": "Data Quality Assurance", "caption": "", "category": "Role", "subcategory": "Data", "parent": ""}}, {"model": "common.tag", "pk": 238, "fields": {"tag_name": "data-visualization-role", "display_name": "Data Visualization", "caption": "", "category": "Role", "subcategory": "Data", "parent": ""}}, {"model": "common.tag", "pk": 239, "fields": {"tag_name": "business-writer", "display_name": "Writer", "caption": "", "category": "Role", "subcategory": "Business", "parent": ""}}, {"model": "common.tag", "pk": 240, "fields": {"tag_name": "open-seattle", "display_name": "Open Seattle", "caption": "", "category": "Organization", "subcategory": "", "parent": ""}}, {"model": "common.tag", "pk": 241, "fields": {"tag_name": "seattle-data-for-good", "display_name": "Seattle Data for Good", "caption": "", "category": "Organization", "subcategory": "", "parent": ""}}, {"model": "common.tag", "pk": 242, "fields": {"tag_name": "seattle-tech-for-good", "display_name": "Seattle Tech For Good", "caption": "", "category": "Organization", "subcategory": "", "parent": ""}}, {"model": "common.tag", "pk": 243, "fields": {"tag_name": "seattle-day-of-civic-hacking", "display_name": "National Day of Civic Hacking 2018", "caption": "", "category": "Organization", "subcategory": "", "parent": ""}}, {"model": "common.tag", "pk": 244, "fields": {"tag_name": "seattle-day-of-civic-hacking-19", "display_name": "National Day of Civic Hacking 2019", "caption": "", "category": "Organization", "subcategory": "", "parent": ""}}, {"model": "common.tag", "pk": 245, "fields": {"tag_name": "baltimore-civic-hack", "display_name": "Baltimore Civic Hack", "caption": "", "category": "Organization", "subcategory": "", "parent": ""}}, {"model": "common.tag", "pk": 246, "fields": {"tag_name": "hack-to-give-thanks-2018", "display_name": "Hack to Give Thanks 2018", "caption": "", "category": "Organization", "subcategory": "", "parent": ""}}, {"model": "common.tag", "pk": 247, "fields": {"tag_name": "hack-to-give-thanks-2019", "display_name": "Hack to Give Thanks 2019", "caption": "", "category": "Organization", "subcategory": "", "parent": ""}}, {"model": "common.tag", "pk": 248, "fields": {"tag_name": "st-hack-tricks-day-2019", "display_name": "St. Hack-trick's Day 2019", "caption": "", "category": "Organization", "subcategory": "", "parent": ""}}, {"model": "common.tag", "pk": 249, "fields": {"tag_name": "uw-impact-plus", "display_name": "Impact++", "caption": "", "category": "Organization", "subcategory": "", "parent": ""}}, {"model": "common.tag", "pk": 250, "fields": {"tag_name": "hack-for-your-mother-2019", "display_name": "Hack for Your Mother 2019", "caption": "", "category": "Organization", "subcategory": "", "parent": ""}}, {"model": "common.tag", "pk": 251, "fields": {"tag_name": "summer-solve-a-thon-2019", "display_name": "Summer Solve-a-thon 2019", "caption": "", "category": "Organization", "subcategory": "", "parent": ""}}, {"model": "common.tag", "pk": 252, "fields": {"tag_name": "nonprofit", "display_name": "501(c)(3) Nonprofit", "caption": "", "category": "Organization Type", "subcategory": "", "parent": ""}}, {"model": "common.tag", "pk": 253, "fields": {"tag_name": "other-nonprofit", "display_name": "Other 501(c) Nonprofit", "caption": "", "category": "Organization Type", "subcategory": "", "parent": ""}}, {"model": "common.tag", "pk": 254, "fields": {"tag_name": "fiscally-sponsored-organization", "display_name": "Fiscally Sponsored Organization (Formal Partnership with a 501(c)(3) Nonprofit)", "caption": "", "category": "Organization Type", "subcategory": "", "parent": ""}}, {"model": "common.tag", "pk": 255, "fields": {"tag_name": "social-purpose-organization", "display_name": "Social Purpose Corporation (or B Corp)", "caption": "", "category": "Organization Type", "subcategory": "", "parent": ""}}, {"model": "common.tag", "pk": 256, "fields": {"tag_name": "for-profit", "display_name": "For Profit Company (Corporation, LLC, Partership, Sole Propreitorship, etc.)", "caption": "", "category": "Organization Type", "subcategory": "", "parent": ""}}, {"model": "common.tag", "pk": 257, "fields": {"tag_name": "informal", "display_name": "Informal (No Legal Entity Established)", "caption": "", "category": "Organization Type", "subcategory": "", "parent": ""}}, {"model": "common.tag", "pk": 258, "fields": {"tag_name": "hacky-new-year-2019", "display_name": "Hacky New Year 2019", "caption": "", "category": "Organization", "subcategory": "", "parent": ""}}, {"model": "common.tag", "pk": 259, "fields": {"tag_name": "hacky-new-year-2020", "display_name": "Hacky New Year 2020", "caption": "", "category": "Organization", "subcategory": "", "parent": ""}}, {"model": "common.tag", "pk": 260, "fields": {"tag_name": "st-hack-tricks-day-2020", "display_name": "St. Hack-trick's Day 2020", "caption": "", "category": "Organization", "subcategory": "", "parent": ""}}, {"model": "contenttypes.contenttype", "pk": 1, "fields": {"app_label": "civictechprojects", "model": "project"}}, {"model": "contenttypes.contenttype", "pk": 2, "fields": {"app_label": "civictechprojects", "model": "taggedissueareas"}}, {"model": "contenttypes.contenttype", "pk": 3, "fields": {"app_label": "civictechprojects", "model": "projectfile"}}, {"model": "contenttypes.contenttype", "pk": 4, "fields": {"app_label": "civictechprojects", "model": "projectlink"}}, {"model": "contenttypes.contenttype", "pk": 5, "fields": {"app_label": "civictechprojects", "model": "taggedtechnologies"}}, {"model": "contenttypes.contenttype", "pk": 6, "fields": {"app_label": "civictechprojects", "model": "projectposition"}}, {"model": "contenttypes.contenttype", "pk": 7, "fields": {"app_label": "civictechprojects", "model": "taggedpositionrole"}}, {"model": "contenttypes.contenttype", "pk": 8, "fields": {"app_label": "civictechprojects", "model": "taggedorganization"}}, {"model": "contenttypes.contenttype", "pk": 9, "fields": {"app_label": "civictechprojects", "model": "useralert"}}, {"model": "contenttypes.contenttype", "pk": 10, "fields": {"app_label": "civictechprojects", "model": "taggedstage"}}, {"model": "contenttypes.contenttype", "pk": 11, "fields": {"app_label": "civictechprojects", "model": "taggedvolunteerrole"}}, {"model": "contenttypes.contenttype", "pk": 12, "fields": {"app_label": "civictechprojects", "model": "volunteerrelation"}}, {"model": "contenttypes.contenttype", "pk": 13, "fields": {"app_label": "civictechprojects", "model": "taggedorganizationtype"}}, {"model": "contenttypes.contenttype", "pk": 14, "fields": {"app_label": "civictechprojects", "model": "projectcommit"}}, {"model": "contenttypes.contenttype", "pk": 15, "fields": {"app_label": "common", "model": "tag"}}, {"model": "contenttypes.contenttype", "pk": 16, "fields": {"app_label": "democracylab", "model": "contributor"}}, {"model": "contenttypes.contenttype", "pk": 17, "fields": {"app_label": "democracylab", "model": "usertaggedtechnologies"}}, {"model": "contenttypes.contenttype", "pk": 18, "fields": {"app_label": "admin", "model": "logentry"}}, {"model": "contenttypes.contenttype", "pk": 19, "fields": {"app_label": "auth", "model": "permission"}}, {"model": "contenttypes.contenttype", "pk": 20, "fields": {"app_label": "auth", "model": "group"}}, {"model": "contenttypes.contenttype", "pk": 21, "fields": {"app_label": "auth", "model": "user"}}, {"model": "contenttypes.contenttype", "pk": 22, "fields": {"app_label": "contenttypes", "model": "contenttype"}}, {"model": "contenttypes.contenttype", "pk": 23, "fields": {"app_label": "sessions", "model": "session"}}, {"model": "contenttypes.contenttype", "pk": 24, "fields": {"app_label": "sites", "model": "site"}}, {"model": "contenttypes.contenttype", "pk": 25, "fields": {"app_label": "taggit", "model": "tag"}}, {"model": "contenttypes.contenttype", "pk": 26, "fields": {"app_label": "taggit", "model": "taggeditem"}}, {"model": "contenttypes.contenttype", "pk": 27, "fields": {"app_label": "account", "model": "emailaddress"}}, {"model": "contenttypes.contenttype", "pk": 28, "fields": {"app_label": "account", "model": "emailconfirmation"}}, {"model": "contenttypes.contenttype", "pk": 29, "fields": {"app_label": "socialaccount", "model": "socialaccount"}}, {"model": "contenttypes.contenttype", "pk": 30, "fields": {"app_label": "socialaccount", "model": "socialapp"}}, {"model": "contenttypes.contenttype", "pk": 31, "fields": {"app_label": "socialaccount", "model": "socialtoken"}}, {"model": "sessions.session", "pk": "71v19iy8ywbecxjdhfmup5chcrwx32g6", "fields": {"session_data": "M2YxMGJkNmI3YTc3ZjcxYWE5ZWZkM2MzY2JjMmZhZGI1YThjYjI5Mjp7Il9hdXRoX3VzZXJfaWQiOiIyIiwiX2F1dGhfdXNlcl9iYWNrZW5kIjoiZGphbmdvLmNvbnRyaWIuYXV0aC5iYWNrZW5kcy5Nb2RlbEJhY2tlbmQiLCJfYXV0aF91c2VyX2hhc2giOiJhZjE2MTBiMWMyN2RhMzVmNWVhZDI0MGEzMjdjOTIyOWYxZThkZjlkIn0=", "expire_date": "2020-03-25T19:35:09.915Z"}}, {"model": "sessions.session", "pk": "ca2amnni3y4vbwu95rmhomc3rbqzaw0h", "fields": {"session_data": "MjE1Zjk1MGY4YTkwMjVhYTFkNGRjNGMzNzk4MTlkNTlkZWI5MTE0ODp7Il9hdXRoX3VzZXJfaWQiOiIxIiwiX2F1dGhfdXNlcl9iYWNrZW5kIjoiZGphbmdvLmNvbnRyaWIuYXV0aC5iYWNrZW5kcy5Nb2RlbEJhY2tlbmQiLCJfYXV0aF91c2VyX2hhc2giOiJlMmIzOWE0NDY3ODgzYjBmODYwMGU1ZjM3ZDU0NjFiODdiZmQwODAzIn0=", "expire_date": "2020-03-25T19:33:45.936Z"}}, {"model": "sessions.session", "pk": "n4ds4f52ogcqu1q0qkjhrx9fkxsacnff", "fields": {"session_data": "M2YxMGJkNmI3YTc3ZjcxYWE5ZWZkM2MzY2JjMmZhZGI1YThjYjI5Mjp7Il9hdXRoX3VzZXJfaWQiOiIyIiwiX2F1dGhfdXNlcl9iYWNrZW5kIjoiZGphbmdvLmNvbnRyaWIuYXV0aC5iYWNrZW5kcy5Nb2RlbEJhY2tlbmQiLCJfYXV0aF91c2VyX2hhc2giOiJhZjE2MTBiMWMyN2RhMzVmNWVhZDI0MGEzMjdjOTIyOWYxZThkZjlkIn0=", "expire_date": "2020-03-27T21:59:04.698Z"}}, {"model": "sites.site", "pk": 1, "fields": {"domain": "example.com", "name": "example.com"}}, {"model": "taggit.tag", "pk": 1, "fields": {"name": "civic-infrastructure", "slug": "civic-infrastructure"}}, {"model": "taggit.tag", "pk": 2, "fields": {"name": "active-stage", "slug": "active-stage"}}, {"model": "taggit.tag", "pk": 3, "fields": {"name": "postgre-sql", "slug": "postgre-sql"}}, {"model": "taggit.tag", "pk": 4, "fields": {"name": "javascript", "slug": "javascript"}}, {"model": "taggit.tag", "pk": 5, "fields": {"name": "figma", "slug": "figma"}}, {"model": "taggit.tag", "pk": 6, "fields": {"name": "react", "slug": "react"}}, {"model": "taggit.tag", "pk": 7, "fields": {"name": "hacky-new-year-2020", "slug": "hacky-new-year-2020"}}, {"model": "taggit.tag", "pk": 8, "fields": {"name": "nonprofit", "slug": "nonprofit"}}, {"model": "taggit.tag", "pk": 9, "fields": {"name": "business-operations", "slug": "business-operations"}}, {"model": "taggit.tag", "pk": 10, "fields": {"name": "political-reform", "slug": "political-reform"}}, {"model": "taggit.tag", "pk": 11, "fields": {"name": "mvp-stage", "slug": "mvp-stage"}}, {"model": "taggit.tag", "pk": 12, "fields": {"name": "hack-for-your-mother-2019", "slug": "hack-for-your-mother-2019"}}, {"model": "taggit.tag", "pk": 13, "fields": {"name": "fiscally-sponsored-organization", "slug": "fiscally-sponsored-organization"}}, {"model": "taggit.tag", "pk": 14, "fields": {"name": "environment", "slug": "environment"}}, {"model": "taggit.tag", "pk": 15, "fields": {"name": "development-stage", "slug": "development-stage"}}, {"model": "taggit.tag", "pk": 16, "fields": {"name": "shell", "slug": "shell"}}, {"model": "taggit.tag", "pk": 17, "fields": {"name": "web", "slug": "web"}}, {"model": "taggit.tag", "pk": 18, "fields": {"name": "python", "slug": "python"}}, {"model": "taggit.tag", "pk": 19, "fields": {"name": "back-end-developer", "slug": "back-end-developer"}}, {"model": "taggit.tag", "pk": 20, "fields": {"name": "front-end-developer", "slug": "front-end-developer"}}, {"model": "taggit.tag", "pk": 21, "fields": {"name": "project-manager", "slug": "project-manager"}}, {"model": "taggit.tag", "pk": 22, "fields": {"name": "homelessness", "slug": "homelessness"}}, {"model": "taggit.tag", "pk": 23, "fields": {"name": "design-stage", "slug": "design-stage"}}, {"model": "taggit.tag", "pk": 24, "fields": {"name": "android", "slug": "android"}}, {"model": "taggit.tag", "pk": 25, "fields": {"name": "ios", "slug": "ios"}}, {"model": "taggit.tag", "pk": 26, "fields": {"name": "ruby", "slug": "ruby"}}, {"model": "taggit.tag", "pk": 27, "fields": {"name": "informal", "slug": "informal"}}, {"model": "taggit.tag", "pk": 28, "fields": {"name": "research-stage", "slug": "research-stage"}}, {"model": "taggit.tag", "pk": 29, "fields": {"name": "hack-to-give-thanks-2019", "slug": "hack-to-give-thanks-2019"}}, {"model": "taggit.tag", "pk": 30, "fields": {"name": "social-purpose-organization", "slug": "social-purpose-organization"}}, {"model": "taggit.tag", "pk": 31, "fields": {"name": "public-safety", "slug": "public-safety"}}, {"model": "taggit.tag", "pk": 32, "fields": {"name": "ideation-stage", "slug": "ideation-stage"}}, {"model": "taggit.tag", "pk": 33, "fields": {"name": "st-hack-tricks-day-2020", "slug": "st-hack-tricks-day-2020"}}, {"model": "taggit.tag", "pk": 34, "fields": {"name": "joomla", "slug": "joomla"}}, {"model": "taggit.tag", "pk": 35, "fields": {"name": "mongo-db", "slug": "mongo-db"}}, {"model": "taggit.tag", "pk": 36, "fields": {"name": "transportation", "slug": "transportation"}}, {"model": "taggit.tag", "pk": 37, "fields": {"name": "rust", "slug": "rust"}}, {"model": "taggit.tag", "pk": 38, "fields": {"name": "wordpress", "slug": "wordpress"}}, {"model": "taggit.tag", "pk": 39, "fields": {"name": "seattle-day-of-civic-hacking-19", "slug": "seattle-day-of-civic-hacking-19"}}, {"model": "taggit.tag", "pk": 40, "fields": {"name": "housing", "slug": "housing"}}, {"model": "taggit.tag", "pk": 41, "fields": {"name": "invision", "slug": "invision"}}, {"model": "taggit.tag", "pk": 42, "fields": {"name": "lutece", "slug": "lutece"}}, {"model": "taggit.tag", "pk": 43, "fields": {"name": "spring-mvc", "slug": "spring-mvc"}}, {"model": "taggit.tag", "pk": 44, "fields": {"name": "java", "slug": "java"}}, {"model": "taggit.tag", "pk": 45, "fields": {"name": "education", "slug": "education"}}, {"model": "taggit.tag", "pk": 46, "fields": {"name": "express", "slug": "express"}}, {"model": "taggit.tag", "pk": 47, "fields": {"name": "my-sql", "slug": "my-sql"}}, {"model": "taggit.tag", "pk": 48, "fields": {"name": "django", "slug": "django"}}, {"model": "taggit.tag", "pk": 49, "fields": {"name": "hacky-new-year-2019", "slug": "hacky-new-year-2019"}}, {"model": "taggit.tag", "pk": 50, "fields": {"name": "keystone-js", "slug": "keystone-js"}}, {"model": "taggit.tag", "pk": 51, "fields": {"name": "for-profit", "slug": "for-profit"}}, {"model": "taggit.tag", "pk": 52, "fields": {"name": "other-issue", "slug": "other-issue"}}, {"model": "taggit.tag", "pk": 53, "fields": {"name": "no-specific-issue", "slug": "no-specific-issue"}}, {"model": "taggit.tag", "pk": 54, "fields": {"name": "c", "slug": "c"}}, {"model": "taggit.tag", "pk": 55, "fields": {"name": "c-plusplus", "slug": "c-plusplus"}}, {"model": "taggit.tag", "pk": 56, "fields": {"name": "arduino", "slug": "arduino"}}, {"model": "taggit.tag", "pk": 57, "fields": {"name": "ruby-on-rails", "slug": "ruby-on-rails"}}, {"model": "auth.permission", "pk": 1, "fields": {"name": "Can add project", "content_type": 1, "codename": "add_project"}}, {"model": "auth.permission", "pk": 2, "fields": {"name": "Can change project", "content_type": 1, "codename": "change_project"}}, {"model": "auth.permission", "pk": 3, "fields": {"name": "Can delete project", "content_type": 1, "codename": "delete_project"}}, {"model": "auth.permission", "pk": 4, "fields": {"name": "Can add tagged issue areas", "content_type": 2, "codename": "add_taggedissueareas"}}, {"model": "auth.permission", "pk": 5, "fields": {"name": "Can change tagged issue areas", "content_type": 2, "codename": "change_taggedissueareas"}}, {"model": "auth.permission", "pk": 6, "fields": {"name": "Can delete tagged issue areas", "content_type": 2, "codename": "delete_taggedissueareas"}}, {"model": "auth.permission", "pk": 7, "fields": {"name": "Can add project file", "content_type": 3, "codename": "add_projectfile"}}, {"model": "auth.permission", "pk": 8, "fields": {"name": "Can change project file", "content_type": 3, "codename": "change_projectfile"}}, {"model": "auth.permission", "pk": 9, "fields": {"name": "Can delete project file", "content_type": 3, "codename": "delete_projectfile"}}, {"model": "auth.permission", "pk": 10, "fields": {"name": "Can add project link", "content_type": 4, "codename": "add_projectlink"}}, {"model": "auth.permission", "pk": 11, "fields": {"name": "Can change project link", "content_type": 4, "codename": "change_projectlink"}}, {"model": "auth.permission", "pk": 12, "fields": {"name": "Can delete project link", "content_type": 4, "codename": "delete_projectlink"}}, {"model": "auth.permission", "pk": 13, "fields": {"name": "Can add tagged technologies", "content_type": 5, "codename": "add_taggedtechnologies"}}, {"model": "auth.permission", "pk": 14, "fields": {"name": "Can change tagged technologies", "content_type": 5, "codename": "change_taggedtechnologies"}}, {"model": "auth.permission", "pk": 15, "fields": {"name": "Can delete tagged technologies", "content_type": 5, "codename": "delete_taggedtechnologies"}}, {"model": "auth.permission", "pk": 16, "fields": {"name": "Can add project position", "content_type": 6, "codename": "add_projectposition"}}, {"model": "auth.permission", "pk": 17, "fields": {"name": "Can change project position", "content_type": 6, "codename": "change_projectposition"}}, {"model": "auth.permission", "pk": 18, "fields": {"name": "Can delete project position", "content_type": 6, "codename": "delete_projectposition"}}, {"model": "auth.permission", "pk": 19, "fields": {"name": "Can add tagged position role", "content_type": 7, "codename": "add_taggedpositionrole"}}, {"model": "auth.permission", "pk": 20, "fields": {"name": "Can change tagged position role", "content_type": 7, "codename": "change_taggedpositionrole"}}, {"model": "auth.permission", "pk": 21, "fields": {"name": "Can delete tagged position role", "content_type": 7, "codename": "delete_taggedpositionrole"}}, {"model": "auth.permission", "pk": 22, "fields": {"name": "Can add tagged organization", "content_type": 8, "codename": "add_taggedorganization"}}, {"model": "auth.permission", "pk": 23, "fields": {"name": "Can change tagged organization", "content_type": 8, "codename": "change_taggedorganization"}}, {"model": "auth.permission", "pk": 24, "fields": {"name": "Can delete tagged organization", "content_type": 8, "codename": "delete_taggedorganization"}}, {"model": "auth.permission", "pk": 25, "fields": {"name": "Can add user alert", "content_type": 9, "codename": "add_useralert"}}, {"model": "auth.permission", "pk": 26, "fields": {"name": "Can change user alert", "content_type": 9, "codename": "change_useralert"}}, {"model": "auth.permission", "pk": 27, "fields": {"name": "Can delete user alert", "content_type": 9, "codename": "delete_useralert"}}, {"model": "auth.permission", "pk": 28, "fields": {"name": "Can add tagged stage", "content_type": 10, "codename": "add_taggedstage"}}, {"model": "auth.permission", "pk": 29, "fields": {"name": "Can change tagged stage", "content_type": 10, "codename": "change_taggedstage"}}, {"model": "auth.permission", "pk": 30, "fields": {"name": "Can delete tagged stage", "content_type": 10, "codename": "delete_taggedstage"}}, {"model": "auth.permission", "pk": 31, "fields": {"name": "Can add tagged volunteer role", "content_type": 11, "codename": "add_taggedvolunteerrole"}}, {"model": "auth.permission", "pk": 32, "fields": {"name": "Can change tagged volunteer role", "content_type": 11, "codename": "change_taggedvolunteerrole"}}, {"model": "auth.permission", "pk": 33, "fields": {"name": "Can delete tagged volunteer role", "content_type": 11, "codename": "delete_taggedvolunteerrole"}}, {"model": "auth.permission", "pk": 34, "fields": {"name": "Can add volunteer relation", "content_type": 12, "codename": "add_volunteerrelation"}}, {"model": "auth.permission", "pk": 35, "fields": {"name": "Can change volunteer relation", "content_type": 12, "codename": "change_volunteerrelation"}}, {"model": "auth.permission", "pk": 36, "fields": {"name": "Can delete volunteer relation", "content_type": 12, "codename": "delete_volunteerrelation"}}, {"model": "auth.permission", "pk": 37, "fields": {"name": "Can add tagged organization type", "content_type": 13, "codename": "add_taggedorganizationtype"}}, {"model": "auth.permission", "pk": 38, "fields": {"name": "Can change tagged organization type", "content_type": 13, "codename": "change_taggedorganizationtype"}}, {"model": "auth.permission", "pk": 39, "fields": {"name": "Can delete tagged organization type", "content_type": 13, "codename": "delete_taggedorganizationtype"}}, {"model": "auth.permission", "pk": 40, "fields": {"name": "Can add project commit", "content_type": 14, "codename": "add_projectcommit"}}, {"model": "auth.permission", "pk": 41, "fields": {"name": "Can change project commit", "content_type": 14, "codename": "change_projectcommit"}}, {"model": "auth.permission", "pk": 42, "fields": {"name": "Can delete project commit", "content_type": 14, "codename": "delete_projectcommit"}}, {"model": "auth.permission", "pk": 43, "fields": {"name": "Can add tag", "content_type": 15, "codename": "add_tag"}}, {"model": "auth.permission", "pk": 44, "fields": {"name": "Can change tag", "content_type": 15, "codename": "change_tag"}}, {"model": "auth.permission", "pk": 45, "fields": {"name": "Can delete tag", "content_type": 15, "codename": "delete_tag"}}, {"model": "auth.permission", "pk": 46, "fields": {"name": "Can add user", "content_type": 16, "codename": "add_contributor"}}, {"model": "auth.permission", "pk": 47, "fields": {"name": "Can change user", "content_type": 16, "codename": "change_contributor"}}, {"model": "auth.permission", "pk": 48, "fields": {"name": "Can delete user", "content_type": 16, "codename": "delete_contributor"}}, {"model": "auth.permission", "pk": 49, "fields": {"name": "Can add user tagged technologies", "content_type": 17, "codename": "add_usertaggedtechnologies"}}, {"model": "auth.permission", "pk": 50, "fields": {"name": "Can change user tagged technologies", "content_type": 17, "codename": "change_usertaggedtechnologies"}}, {"model": "auth.permission", "pk": 51, "fields": {"name": "Can delete user tagged technologies", "content_type": 17, "codename": "delete_usertaggedtechnologies"}}, {"model": "auth.permission", "pk": 52, "fields": {"name": "Can add log entry", "content_type": 18, "codename": "add_logentry"}}, {"model": "auth.permission", "pk": 53, "fields": {"name": "Can change log entry", "content_type": 18, "codename": "change_logentry"}}, {"model": "auth.permission", "pk": 54, "fields": {"name": "Can delete log entry", "content_type": 18, "codename": "delete_logentry"}}, {"model": "auth.permission", "pk": 55, "fields": {"name": "Can add permission", "content_type": 19, "codename": "add_permission"}}, {"model": "auth.permission", "pk": 56, "fields": {"name": "Can change permission", "content_type": 19, "codename": "change_permission"}}, {"model": "auth.permission", "pk": 57, "fields": {"name": "Can delete permission", "content_type": 19, "codename": "delete_permission"}}, {"model": "auth.permission", "pk": 58, "fields": {"name": "Can add group", "content_type": 20, "codename": "add_group"}}, {"model": "auth.permission", "pk": 59, "fields": {"name": "Can change group", "content_type": 20, "codename": "change_group"}}, {"model": "auth.permission", "pk": 60, "fields": {"name": "Can delete group", "content_type": 20, "codename": "delete_group"}}, {"model": "auth.permission", "pk": 61, "fields": {"name": "Can add user", "content_type": 21, "codename": "add_user"}}, {"model": "auth.permission", "pk": 62, "fields": {"name": "Can change user", "content_type": 21, "codename": "change_user"}}, {"model": "auth.permission", "pk": 63, "fields": {"name": "Can delete user", "content_type": 21, "codename": "delete_user"}}, {"model": "auth.permission", "pk": 64, "fields": {"name": "Can add content type", "content_type": 22, "codename": "add_contenttype"}}, {"model": "auth.permission", "pk": 65, "fields": {"name": "Can change content type", "content_type": 22, "codename": "change_contenttype"}}, {"model": "auth.permission", "pk": 66, "fields": {"name": "Can delete content type", "content_type": 22, "codename": "delete_contenttype"}}, {"model": "auth.permission", "pk": 67, "fields": {"name": "Can add session", "content_type": 23, "codename": "add_session"}}, {"model": "auth.permission", "pk": 68, "fields": {"name": "Can change session", "content_type": 23, "codename": "change_session"}}, {"model": "auth.permission", "pk": 69, "fields": {"name": "Can delete session", "content_type": 23, "codename": "delete_session"}}, {"model": "auth.permission", "pk": 70, "fields": {"name": "Can add site", "content_type": 24, "codename": "add_site"}}, {"model": "auth.permission", "pk": 71, "fields": {"name": "Can change site", "content_type": 24, "codename": "change_site"}}, {"model": "auth.permission", "pk": 72, "fields": {"name": "Can delete site", "content_type": 24, "codename": "delete_site"}}, {"model": "auth.permission", "pk": 73, "fields": {"name": "Can add Tag", "content_type": 25, "codename": "add_tag"}}, {"model": "auth.permission", "pk": 74, "fields": {"name": "Can change Tag", "content_type": 25, "codename": "change_tag"}}, {"model": "auth.permission", "pk": 75, "fields": {"name": "Can delete Tag", "content_type": 25, "codename": "delete_tag"}}, {"model": "auth.permission", "pk": 76, "fields": {"name": "Can add Tagged Item", "content_type": 26, "codename": "add_taggeditem"}}, {"model": "auth.permission", "pk": 77, "fields": {"name": "Can change Tagged Item", "content_type": 26, "codename": "change_taggeditem"}}, {"model": "auth.permission", "pk": 78, "fields": {"name": "Can delete Tagged Item", "content_type": 26, "codename": "delete_taggeditem"}}, {"model": "auth.permission", "pk": 79, "fields": {"name": "Can add email address", "content_type": 27, "codename": "add_emailaddress"}}, {"model": "auth.permission", "pk": 80, "fields": {"name": "Can change email address", "content_type": 27, "codename": "change_emailaddress"}}, {"model": "auth.permission", "pk": 81, "fields": {"name": "Can delete email address", "content_type": 27, "codename": "delete_emailaddress"}}, {"model": "auth.permission", "pk": 82, "fields": {"name": "Can add email confirmation", "content_type": 28, "codename": "add_emailconfirmation"}}, {"model": "auth.permission", "pk": 83, "fields": {"name": "Can change email confirmation", "content_type": 28, "codename": "change_emailconfirmation"}}, {"model": "auth.permission", "pk": 84, "fields": {"name": "Can delete email confirmation", "content_type": 28, "codename": "delete_emailconfirmation"}}, {"model": "auth.permission", "pk": 85, "fields": {"name": "Can add social account", "content_type": 29, "codename": "add_socialaccount"}}, {"model": "auth.permission", "pk": 86, "fields": {"name": "Can change social account", "content_type": 29, "codename": "change_socialaccount"}}, {"model": "auth.permission", "pk": 87, "fields": {"name": "Can delete social account", "content_type": 29, "codename": "delete_socialaccount"}}, {"model": "auth.permission", "pk": 88, "fields": {"name": "Can add social application", "content_type": 30, "codename": "add_socialapp"}}, {"model": "auth.permission", "pk": 89, "fields": {"name": "Can change social application", "content_type": 30, "codename": "change_socialapp"}}, {"model": "auth.permission", "pk": 90, "fields": {"name": "Can delete social application", "content_type": 30, "codename": "delete_socialapp"}}, {"model": "auth.permission", "pk": 91, "fields": {"name": "Can add social application token", "content_type": 31, "codename": "add_socialtoken"}}, {"model": "auth.permission", "pk": 92, "fields": {"name": "Can change social application token", "content_type": 31, "codename": "change_socialtoken"}}, {"model": "auth.permission", "pk": 93, "fields": {"name": "Can delete social application token", "content_type": 31, "codename": "delete_socialtoken"}}, {"model": "auth.user", "pk": 1, "fields": {"password": "pbkdf2_sha256$36000$ZEEyZZrj1fvk$RnxCU1K0iS4PxXRg0qq2aLCwhmTgTT6hfq2167asZ3s=", "last_login": "2020-03-11T19:33:45.926Z", "is_superuser": true, "username": "dev-admin", "first_name": "", "last_name": "", "email": "marlonakeating@gmail.com", "is_staff": true, "is_active": true, "date_joined": "2020-03-11T19:19:56.630Z", "groups": [], "user_permissions": []}}, {"model": "auth.user", "pk": 2, "fields": {"password": "pbkdf2_sha256$36000$dZ8oiW4750ky$Ol/N27bAV66DiyuFtGyAYHkWsxsStbNqYVwSGQ8kenA=", "last_login": "2020-03-13T21:59:04.692Z", "is_superuser": false, "username": "marlonakeating+test@gmail.com", "first_name": "Test", "last_name": "User", "email": "marlonakeating+test@gmail.com", "is_staff": false, "is_active": true, "date_joined": "2020-03-11T19:35:07.574Z", "groups": [], "user_permissions": []}}, {"model": "auth.user", "pk": 3, "fields": {"password": "pbkdf2_sha256$36000$q7c6vQJ6I3g1$ChlqtlWfAtRLaowMaR6d9sePjYyNJWUXLVLlFNkvWKw=", "last_login": "2020-03-13T20:13:57.571Z", "is_superuser": false, "username": "marlonakeating+test2@gmail.com", "first_name": "Test", "last_name": "User2", "email": "marlonakeating+test2@gmail.com", "is_staff": false, "is_active": true, "date_joined": "2020-03-13T20:13:57.363Z", "groups": [], "user_permissions": []}}, {"model": "admin.logentry", "pk": 1, "fields": {"action_time": "2020-03-11T19:48:05.171Z", "user": 1, "content_type": 1, "object_id": "1", "object_repr": "1:DemocracyLab Test", "action_flag": 2, "change_message": "[{\"changed\": {\"fields\": [\"project_description\", \"project_description_actions\", \"is_searchable\", \"project_issue_area\", \"project_stage\", \"project_technologies\", \"project_organization\", \"project_organization_type\"]}}]"}}, {"model": "admin.logentry", "pk": 2, "fields": {"action_time": "2020-03-13T21:58:13.694Z", "user": 1, "content_type": 12, "object_id": "1", "object_repr": "Project: DemocracyLab Test, User: marlonakeating+test2@gmail.com", "action_flag": 2, "change_message": "[{\"changed\": {\"fields\": [\"is_approved\", \"role\"]}}]"}}, {"model": "democracylab.contributor", "pk": 2, "fields": {"email_verified": true, "country": "US", "postal_code": "", "phone_primary": "", "about_me": "I am just a test user.", "groups": [], "user_permissions": []}}, {"model": "democracylab.contributor", "pk": 3, "fields": {"email_verified": true, "country": "", "postal_code": "", "phone_primary": "", "about_me": "", "groups": [], "user_permissions": []}}, {"model": "civictechprojects.volunteerrelation", "pk": 1, "fields": {"deleted": false, "project": 1, "volunteer": 3, "application_text": "Let me help you out there", "is_approved": true, "is_co_owner": false, "projected_end_date": "2021-03-13T21:55:34Z", "application_date": "2020-03-13T21:55:35Z", "approved_date": null, "last_reminder_date": null, "reminder_count": 0, "re_enrolled_last_date": null, "re_enroll_last_reminder_date": null, "re_enroll_reminder_count": 0}}, {"model": "civictechprojects.projectfile", "pk": 1, "fields": {"file_project": 1, "file_user": null, "file_visibility": "PUBLIC", "file_name": "newFile", "file_key": "thumbnails/marlonakeating+test@gmail.com/newFile.jpeg_1583955645.95397.jpeg", "file_url": "https://democracylab-marlok.s3.amazonaws.com/thumbnails%2Fmarlonakeating%2Btest%40gmail.com%2FnewFile.jpeg_1583955645.95397.jpeg", "file_type": "jpeg", "file_category": "THUMBNAIL"}}, {"model": "civictechprojects.projectfile", "pk": 4, "fields": {"file_project": 2, "file_user": null, "file_visibility": "PUBLIC", "file_name": "newFile", "file_key": "thumbnails/marlonakeating+test@gmail.com/newFile.jpeg_1584128962.4114718.jpeg", "file_url": "https://democracylab-marlok.s3.amazonaws.com/thumbnails%2Fmarlonakeating%2Btest%40gmail.com%2FnewFile.jpeg_1584128962.4114718.jpeg", "file_type": "jpeg", "file_category": "THUMBNAIL"}}, {"model": "civictechprojects.projectfile", "pk": 5, "fields": {"file_project": 3, "file_user": null, "file_visibility": "PUBLIC", "file_name": "newFile", "file_key": "thumbnails/marlonakeating+test@gmail.com/newFile.jpeg_1584129133.6211967.jpeg", "file_url": "https://democracylab-marlok.s3.amazonaws.com/thumbnails%2Fmarlonakeating%2Btest%40gmail.com%2FnewFile.jpeg_1584129133.6211967.jpeg", "file_type": "jpeg", "file_category": "THUMBNAIL"}}, {"model": "civictechprojects.projectfile", "pk": 6, "fields": {"file_project": 4, "file_user": null, "file_visibility": "PUBLIC", "file_name": "newFile", "file_key": "thumbnails/marlonakeating+test@gmail.com/newFile.jpeg_1584129462.9664154.jpeg", "file_url": "https://democracylab-marlok.s3.amazonaws.com/thumbnails%2Fmarlonakeating%2Btest%40gmail.com%2FnewFile.jpeg_1584129462.9664154.jpeg", "file_type": "jpeg", "file_category": "THUMBNAIL"}}, {"model": "civictechprojects.projectfile", "pk": 7, "fields": {"file_project": 5, "file_user": null, "file_visibility": "PUBLIC", "file_name": "newFile", "file_key": "thumbnails/marlonakeating+test@gmail.com/newFile.jpeg_1584129682.4534557.jpeg", "file_url": "https://democracylab-marlok.s3.amazonaws.com/thumbnails%2Fmarlonakeating%2Btest%40gmail.com%2FnewFile.jpeg_1584129682.4534557.jpeg", "file_type": "jpeg", "file_category": "THUMBNAIL"}}, {"model": "civictechprojects.projectfile", "pk": 8, "fields": {"file_project": 6, "file_user": null, "file_visibility": "PUBLIC", "file_name": "newFile", "file_key": "thumbnails/marlonakeating+test@gmail.com/newFile.jpeg_1584129834.4045472.jpeg", "file_url": "https://democracylab-marlok.s3.amazonaws.com/thumbnails%2Fmarlonakeating%2Btest%40gmail.com%2FnewFile.jpeg_1584129834.4045472.jpeg", "file_type": "jpeg", "file_category": "THUMBNAIL"}}, {"model": "civictechprojects.projectfile", "pk": 9, "fields": {"file_project": 7, "file_user": null, "file_visibility": "PUBLIC", "file_name": "newFile", "file_key": "thumbnails/marlonakeating+test@gmail.com/newFile.jpeg_1584129987.1651406.jpeg", "file_url": "https://democracylab-marlok.s3.amazonaws.com/thumbnails%2Fmarlonakeating%2Btest%40gmail.com%2FnewFile.jpeg_1584129987.1651406.jpeg", "file_type": "jpeg", "file_category": "THUMBNAIL"}}, {"model": "civictechprojects.projectfile", "pk": 10, "fields": {"file_project": 8, "file_user": null, "file_visibility": "PUBLIC", "file_name": "newFile", "file_key": "thumbnails/marlonakeating+test@gmail.com/newFile.jpeg_1584130115.6728642.jpeg", "file_url": "https://democracylab-marlok.s3.amazonaws.com/thumbnails%2Fmarlonakeating%2Btest%40gmail.com%2FnewFile.jpeg_1584130115.6728642.jpeg", "file_type": "jpeg", "file_category": "THUMBNAIL"}}, {"model": "civictechprojects.projectfile", "pk": 11, "fields": {"file_project": null, "file_user": 2, "file_visibility": "PUBLIC", "file_name": "newFile", "file_key": "thumbnails/marlonakeating+test@gmail.com/newFile.jpeg_1584130286.0751069.jpeg", "file_url": "https://democracylab-marlok.s3.amazonaws.com/thumbnails%2Fmarlonakeating%2Btest%40gmail.com%2FnewFile.jpeg_1584130286.0751069.jpeg", "file_type": "jpeg", "file_category": "THUMBNAIL"}}, {"model": "civictechprojects.projectfile", "pk": 12, "fields": {"file_project": 9, "file_user": null, "file_visibility": "PUBLIC", "file_name": "newFile", "file_key": "thumbnails/marlonakeating+test2@gmail.com/newFile.jpeg_1584130510.6658127.jpeg", "file_url": "https://democracylab-marlok.s3.amazonaws.com/thumbnails%2Fmarlonakeating%2Btest2%40gmail.com%2FnewFile.jpeg_1584130510.6658127.jpeg", "file_type": "jpeg", "file_category": "THUMBNAIL"}}, {"model": "civictechprojects.projectfile", "pk": 13, "fields": {"file_project": 10, "file_user": null, "file_visibility": "PUBLIC", "file_name": "newFile", "file_key": "thumbnails/marlonakeating+test2@gmail.com/newFile.jpeg_1584130660.169033.jpeg", "file_url": "https://democracylab-marlok.s3.amazonaws.com/thumbnails%2Fmarlonakeating%2Btest2%40gmail.com%2FnewFile.jpeg_1584130660.169033.jpeg", "file_type": "jpeg", "file_category": "THUMBNAIL"}}, {"model": "civictechprojects.projectfile", "pk": 14, "fields": {"file_project": 11, "file_user": null, "file_visibility": "PUBLIC", "file_name": "newFile", "file_key": "thumbnails/marlonakeating+test2@gmail.com/newFile.jpeg_1584130790.5679846.jpeg", "file_url": "https://democracylab-marlok.s3.amazonaws.com/thumbnails%2Fmarlonakeating%2Btest2%40gmail.com%2FnewFile.jpeg_1584130790.5679846.jpeg", "file_type": "jpeg", "file_category": "THUMBNAIL"}}, {"model": "civictechprojects.projectfile", "pk": 15, "fields": {"file_project": 12, "file_user": null, "file_visibility": "PUBLIC", "file_name": "newFile", "file_key": "thumbnails/marlonakeating+test2@gmail.com/newFile.jpeg_1584130951.816457.jpeg", "file_url": "https://democracylab-marlok.s3.amazonaws.com/thumbnails%2Fmarlonakeating%2Btest2%40gmail.com%2FnewFile.jpeg_1584130951.816457.jpeg", "file_type": "jpeg", "file_category": "THUMBNAIL"}}, {"model": "civictechprojects.projectfile", "pk": 16, "fields": {"file_project": 13, "file_user": null, "file_visibility": "PUBLIC", "file_name": "newFile", "file_key": "thumbnails/marlonakeating+test2@gmail.com/newFile.jpeg_1584131096.855297.jpeg", "file_url": "https://democracylab-marlok.s3.amazonaws.com/thumbnails%2Fmarlonakeating%2Btest2%40gmail.com%2FnewFile.jpeg_1584131096.855297.jpeg", "file_type": "jpeg", "file_category": "THUMBNAIL"}}, {"model": "civictechprojects.projectfile", "pk": 17, "fields": {"file_project": 14, "file_user": null, "file_visibility": "PUBLIC", "file_name": "newFile", "file_key": "thumbnails/marlonakeating+test2@gmail.com/newFile.jpeg_1584131243.8196294.jpeg", "file_url": "https://democracylab-marlok.s3.amazonaws.com/thumbnails%2Fmarlonakeating%2Btest2%40gmail.com%2FnewFile.jpeg_1584131243.8196294.jpeg", "file_type": "jpeg", "file_category": "THUMBNAIL"}}, {"model": "civictechprojects.projectfile", "pk": 18, "fields": {"file_project": 15, "file_user": null, "file_visibility": "PUBLIC", "file_name": "newFile", "file_key": "thumbnails/marlonakeating+test2@gmail.com/newFile.jpeg_1584131383.3996325.jpeg", "file_url": "https://democracylab-marlok.s3.amazonaws.com/thumbnails%2Fmarlonakeating%2Btest2%40gmail.com%2FnewFile.jpeg_1584131383.3996325.jpeg", "file_type": "jpeg", "file_category": "THUMBNAIL"}}, {"model": "civictechprojects.projectfile", "pk": 19, "fields": {"file_project": 16, "file_user": null, "file_visibility": "PUBLIC", "file_name": "newFile", "file_key": "thumbnails/marlonakeating+test2@gmail.com/newFile.jpeg_1584131522.3308816.jpeg", "file_url": "https://democracylab-marlok.s3.amazonaws.com/thumbnails%2Fmarlonakeating%2Btest2%40gmail.com%2FnewFile.jpeg_1584131522.3308816.jpeg", "file_type": "jpeg", "file_category": "THUMBNAIL"}}, {"model": "civictechprojects.projectfile", "pk": 20, "fields": {"file_project": 17, "file_user": null, "file_visibility": "PUBLIC", "file_name": "newFile", "file_key": "thumbnails/marlonakeating+test2@gmail.com/newFile.jpeg_1584131692.9214673.jpeg", "file_url": "https://democracylab-marlok.s3.amazonaws.com/thumbnails%2Fmarlonakeating%2Btest2%40gmail.com%2FnewFile.jpeg_1584131692.9214673.jpeg", "file_type": "jpeg", "file_category": "THUMBNAIL"}}, {"model": "civictechprojects.projectfile", "pk": 21, "fields": {"file_project": 18, "file_user": null, "file_visibility": "PUBLIC", "file_name": "newFile", "file_key": "thumbnails/marlonakeating+test2@gmail.com/newFile.jpeg_1584131907.9481707.jpeg", "file_url": "https://democracylab-marlok.s3.amazonaws.com/thumbnails%2Fmarlonakeating%2Btest2%40gmail.com%2FnewFile.jpeg_1584131907.9481707.jpeg", "file_type": "jpeg", "file_category": "THUMBNAIL"}}, {"model": "civictechprojects.projectfile", "pk": 22, "fields": {"file_project": 19, "file_user": null, "file_visibility": "PUBLIC", "file_name": "newFile", "file_key": "thumbnails/marlonakeating+test2@gmail.com/newFile.jpeg_1584132113.4762926.jpeg", "file_url": "https://democracylab-marlok.s3.amazonaws.com/thumbnails%2Fmarlonakeating%2Btest2%40gmail.com%2FnewFile.jpeg_1584132113.4762926.jpeg", "file_type": "jpeg", "file_category": "THUMBNAIL"}}, {"model": "civictechprojects.projectfile", "pk": 23, "fields": {"file_project": 20, "file_user": null, "file_visibility": "PUBLIC", "file_name": "newFile", "file_key": "thumbnails/marlonakeating+test2@gmail.com/newFile.jpeg_1584132241.9995666.jpeg", "file_url": "https://democracylab-marlok.s3.amazonaws.com/thumbnails%2Fmarlonakeating%2Btest2%40gmail.com%2FnewFile.jpeg_1584132241.9995666.jpeg", "file_type": "jpeg", "file_category": "THUMBNAIL"}}, {"model": "civictechprojects.projectfile", "pk": 24, "fields": {"file_project": 21, "file_user": null, "file_visibility": "PUBLIC", "file_name": "newFile", "file_key": "thumbnails/marlonakeating+test2@gmail.com/newFile.jpeg_1584132402.140739.jpeg", "file_url": "https://democracylab-marlok.s3.amazonaws.com/thumbnails%2Fmarlonakeating%2Btest2%40gmail.com%2FnewFile.jpeg_1584132402.140739.jpeg", "file_type": "jpeg", "file_category": "THUMBNAIL"}}, {"model": "civictechprojects.projectfile", "pk": 25, "fields": {"file_project": 22, "file_user": null, "file_visibility": "PUBLIC", "file_name": "newFile", "file_key": "thumbnails/marlonakeating+test2@gmail.com/newFile.jpeg_1584132522.0095096.jpeg", "file_url": "https://democracylab-marlok.s3.amazonaws.com/thumbnails%2Fmarlonakeating%2Btest2%40gmail.com%2FnewFile.jpeg_1584132522.0095096.jpeg", "file_type": "jpeg", "file_category": "THUMBNAIL"}}, {"model": "civictechprojects.projectfile", "pk": 26, "fields": {"file_project": 1, "file_user": null, "file_visibility": "PUBLIC", "file_name": "20190322 DemocracyLab Business Plan", "file_key": "thumbnails/marlonakeating+test@gmail.com/2019.03.22 DemocracyLab Business Plan.pdf_1583955959.407775.pdf", "file_url": "https://democracylab-marlok.s3.amazonaws.com/thumbnails%2Fmarlonakeating%2Btest%40gmail.com%2F2019.03.22+DemocracyLab+Business+Plan.pdf_1583955959.407775.pdf", "file_type": "pdf", "file_category": "ETC"}}, {"model": "civictechprojects.projectlink", "pk": 1, "fields": {"link_project": 1, "link_user": null, "link_name": "Geekwire Article", "link_url": "https://www.geekwire.com/2018/can-tech-government-innovate-together-social-good-inside-new-effort-change-tide/", "link_visibility": "PUBLIC"}}, {"model": "civictechprojects.projectlink", "pk": 10, "fields": {"link_project": 2, "link_user": null, "link_name": "link_coderepo", "link_url": "https://github.com/townhallproject", "link_visibility": "PUBLIC"}}, {"model": "civictechprojects.projectlink", "pk": 11, "fields": {"link_project": 3, "link_user": null, "link_name": "link_coderepo", "link_url": "https://github.com/orcasound", "link_visibility": "PUBLIC"}}, {"model": "civictechprojects.projectlink", "pk": 12, "fields": {"link_project": 3, "link_user": null, "link_name": "link_messaging", "link_url": "https://orcasound.slack.com/", "link_visibility": "PUBLIC"}}, {"model": "civictechprojects.projectlink", "pk": 13, "fields": {"link_project": 3, "link_user": null, "link_name": "link_filerepo", "link_url": "https://www.dropbox.com/home/Hydrophone%20Network/Kickstarter%20-%20Dropbox", "link_visibility": "PUBLIC"}}, {"model": "civictechprojects.projectlink", "pk": 14, "fields": {"link_project": 3, "link_user": null, "link_name": "link_projmanage", "link_url": "https://trello.com/hydrophonenetwork", "link_visibility": "PUBLIC"}}, {"model": "civictechprojects.projectlink", "pk": 15, "fields": {"link_project": 4, "link_user": null, "link_name": "link_coderepo", "link_url": "https://github.com/foodislifeBGP", "link_visibility": "PUBLIC"}}, {"model": "civictechprojects.projectlink", "pk": 16, "fields": {"link_project": 6, "link_user": null, "link_name": "link_coderepo", "link_url": "https://github.com/openseattle/convictionvacation", "link_visibility": "PUBLIC"}}, {"model": "civictechprojects.projectlink", "pk": 17, "fields": {"link_project": 7, "link_user": null, "link_name": "link_coderepo", "link_url": "https://github.com/CouncilDataProject/", "link_visibility": "PUBLIC"}}, {"model": "civictechprojects.projectlink", "pk": 18, "fields": {"link_project": 8, "link_user": null, "link_name": "link_coderepo", "link_url": "https://github.com/dabreegster/abstreet", "link_visibility": "PUBLIC"}}, {"model": "civictechprojects.projectlink", "pk": 19, "fields": {"link_project": 9, "link_user": null, "link_name": "link_coderepo", "link_url": "https://github.com/mapseed/platform#mapseed-platform", "link_visibility": "PUBLIC"}}, {"model": "civictechprojects.projectlink", "pk": 20, "fields": {"link_project": 10, "link_user": null, "link_name": "Pilot Plan", "link_url": "https://docs.google.com/document/d/1hB1FPV2ZWZWEEVsiWQ-pP0_jElRkHYLw0KvUvYEvoCE/edit?ts=5ba6ca0d", "link_visibility": "PUBLIC"}}, {"model": "civictechprojects.projectlink", "pk": 21, "fields": {"link_project": 12, "link_user": null, "link_name": "link_coderepo", "link_url": "https://github.com/SeattleVoluntech/seattlevoluntech", "link_visibility": "PUBLIC"}}, {"model": "civictechprojects.projectlink", "pk": 22, "fields": {"link_project": 13, "link_user": null, "link_name": "link_filerepo", "link_url": "https://drive.google.com/drive/u/0/folders/1EZe1I6tPbay_DCcDQtiwS9vpgKxfobLH", "link_visibility": "PUBLIC"}}, {"model": "civictechprojects.projectlink", "pk": 23, "fields": {"link_project": 18, "link_user": null, "link_name": "link_coderepo", "link_url": "https://github.com/SeattleCUTGroup/UserTestingSession/wiki", "link_visibility": "PUBLIC"}}, {"model": "civictechprojects.projectlink", "pk": 24, "fields": {"link_project": 18, "link_user": null, "link_name": "link_messaging", "link_url": "https://openseattle.slack.com/messages/cut-group/", "link_visibility": "PUBLIC"}}, {"model": "civictechprojects.projectlink", "pk": 25, "fields": {"link_project": 19, "link_user": null, "link_name": "LINK", "link_url": "https://civicspace.info/", "link_visibility": "PUBLIC"}}, {"model": "civictechprojects.projectlink", "pk": 26, "fields": {"link_project": 20, "link_user": null, "link_name": "link_coderepo", "link_url": "https://github.com/ose", "link_visibility": "PUBLIC"}}, {"model": "civictechprojects.projectlink", "pk": 27, "fields": {"link_project": 21, "link_user": null, "link_name": "link_messaging", "link_url": "http://newsroomsworkspace.slack.com/", "link_visibility": "PUBLIC"}}, {"model": "civictechprojects.projectlink", "pk": 28, "fields": {"link_project": 1, "link_user": null, "link_name": "link_coderepo", "link_url": "https://github.com/DemocracyLab/CivicTechExchange", "link_visibility": "PUBLIC"}}, {"model": "civictechprojects.projectlink", "pk": 29, "fields": {"link_project": 1, "link_user": null, "link_name": "link_messaging", "link_url": "https://join.slack.com/t/democracylab-org/shared_invite/enQtMjY3OTQ1NDI2NzU1LTQzNDBkYTVjNmY1MTU3ZDNjMjI5YzRkNjY0MTRjZDc1ZTZlYTlhODlmMjhjM2QyOGE4ZTRmNjljMTIwMzc3NTA", "link_visibility": "PUBLIC"}}, {"model": "civictechprojects.projectlink", "pk": 30, "fields": {"link_project": 1, "link_user": null, "link_name": "link_filerepo", "link_url": "https://drive.google.com/drive/folders/0B8OO_wbhGTnBMkhaeDVVdHVJX1E", "link_visibility": "PUBLIC"}}, {"model": "civictechprojects.projectlink", "pk": 31, "fields": {"link_project": 1, "link_user": null, "link_name": "link_projmanage", "link_url": "https://trello.com/democracylab1", "link_visibility": "PUBLIC"}}, {"model": "civictechprojects.project", "pk": 1, "fields": {"deleted": false, "project_creator": 2, "project_description": "DemocracyLab is building online infrastructure to empower the technology for good movement. We are creating an online hub for civic innovation that uses marketplace dynamics to allocate effort, resources, and attention.", "project_description_solution": "Our initial product seeks to optimize the connection between skilled volunteers and technology for good projects. Later offerings will focus on the needs of donors, citizens, and institutions.", "project_description_actions": "The result of our work will be an increase in transparency, participation and collaboration within the tech for good movement. We believe this will spur the evolution of new social innovations capable of addressing society\u2019s most significant challenges.  DemocracyLab is a 501(c)(3) nonprofit organization. Our work is rooted in the values of transparency, inclusivity, collaboration, civility and meritocracy. Our platform is built using the MIT Open Source license.", "project_short_description": "Building online infrastructure to empower the tech for good movement. Our initial iteration connects volunteers to tech for good projects.", "project_location": "Seattle, WA", "project_name": "DemocracyLab Test", "project_url": "http://www.democracylab.org", "project_date_created": "2020-03-11T19:41:11Z", "project_date_modified": "2020-03-13T21:59:26.702Z", "is_searchable": true, "is_created": true}}, {"model": "civictechprojects.project", "pk": 2, "fields": {"deleted": false, "project_creator": 2, "project_description": "We are increasing lawmaker accessibility, as part of that we ask every person running for office to take a pledge to hold at least 4 town halls a year ", "project_description_solution": "", "project_description_actions": "", "project_short_description": "We track and publish towns halls lawmakers are holding.", "project_location": "Seattle, WA", "project_name": "Town hall project", "project_url": "http://townhallproject.com/", "project_date_created": "2020-03-13T19:49:46.749Z", "project_date_modified": "2020-03-13T19:51:44.630Z", "is_searchable": true, "is_created": true}}, {"model": "civictechprojects.project", "pk": 3, "fields": {"deleted": false, "project_creator": 2, "project_description": "Orcasound is a network that connects live hydrophones (underwater microphones) monitoring the habitat of endangered orcas with citizen scientists, educational environmental non-profits, and machine learning algorithms. The web-based Orcasound app (launched November 1, 2018) makes it easy to listen for whales -- both for their amazing orca sounds and for noise that may be detrimental to them -- by using HTTP Live Streaming (and eventually MPEG-DASH). These formats optimize playback performance over a wide range of browser/device combinations within the Orcasound web-app that plays a live audio stream. [The backend is an Elixir app using the Phoenix framework. The Phoenix app serves a React app.] ", "project_description_solution": "The Orcasound app at live.orcasound.net enables citizen scientists to monitor the acoustic environment of the whales and report when they hear the orcas call, whistle, or click, or when they hear other interesting signals. At the same time, machine learning classifiers work on lossless uncompressed data that is also transmitted to AWS S3 buckets from each hydrophone. Synergy between human and machine detection and classification will not only facilitate basic research into the communication and echolocation systems of fish-eating killer whales and other local marine species, but also will enhance many other research and educational activities to help the orcas recover. \r\n\r\nNotifications from the app when orca sounds are detected support: direct conservation actions by the listeners; live-listening events and associated outreach activities at the educational facilities of Orcasound members; NOAA studies of orca health and diet; mitigation of human-caused noise -- like pile driving at Wash", "project_description_actions": "Thus, to help save the endangered southern resident killer whales, we need a wide spectrum of volunteers: developers (for software -- at the hydrophone node, in the app, and for real-time cloud-based data analysis), beta-tester citizen scientists, user researchers, designers, and data hackers. Hackathon challenges include: optimize low-latency audio data acquisition and the upload script on the Raspberry Pi to improve player performance in the app; prioritize key features for beta-testing and implement a cycle of testing and refining them; develop an administrative interface (login, CMS, detection moderation, notifications); integrate a map view of hydrophone locations into the UI; clarify and begin implementing machine learning architecture and data pipelines; test mechanisms for real-time analysis, including visualization of audio data as a spectrogram, annotations from human or machine classifications, and quantification of noise statistics.\r\n\r\nCheck out our public roadmap (Trello boa", "project_short_description": "Open source web-app (at live.orcasound.net ) that lets users listen for whales and act to conserve them.", "project_location": "Redmond, WA", "project_name": "Orcasound - Listen for Whales", "project_url": "http://orcasound.net/", "project_date_created": "2020-03-13T19:52:46.117Z", "project_date_modified": "2020-03-13T19:57:12.758Z", "is_searchable": true, "is_created": true}}, {"model": "civictechprojects.project", "pk": 4, "fields": {"deleted": false, "project_creator": 2, "project_description": "The Banana App is a tech initiative of the Be Good Project in an effort to help alleviate poverty by preventing unintentional hunger and reducing food wastage. \r\n\r\nThe United States wastes 150,000 tons of food each day \u2013 equal to a pound per person. Up to 40 percent of the food in the United States is never eaten. But at the same time, one in eight Americans struggles to put enough food on the table - NRDC\r\n\r\nIn 2015, according to the USDA, Americas threw away 133 billion pounds of food worth $161 billion, which equates almost 220 lbs per person. Wasted food is the single largest category of material placed in municipal landfills and represents nourishment that could have helped feed families in need. Additionally, water, energy, and labor used to produce wasted food could have been employed for other purposes.  \u2013 fda", "project_description_solution": "Even though these levels are alarming, a lot of opportunities still exist to help farms, supermarkets and restaurants rescue food from being misallocated, misplaced and even misused. And that's why the Banana App is here!", "project_description_actions": "Our mobile-based project \"Banana App\" will provide supermarkets/groceries/produce-stands/restaurants a time-sensitive platform to donate bananas/produce/foods that are considered not aesthetically-pleasing for market display or sale but still edible and in good condition. Verified no-to-low-income clients/homeless individuals will be able to register using our app. Upon completion and approval of the application, user can accept and pickup these donations.", "project_short_description": "UberEats/Postmates/Foursquare-like App for food donations.", "project_location": "Olympia, WA", "project_name": "Banana App", "project_url": "https://bgpnow.wixsite.com/here/banana-app", "project_date_created": "2020-03-13T19:58:09.369Z", "project_date_modified": "2020-03-13T20:00:48.701Z", "is_searchable": true, "is_created": true}}, {"model": "civictechprojects.project", "pk": 5, "fields": {"deleted": false, "project_creator": 2, "project_description": "Do you think there can be a more constructive way forward with the issue of climate change? Do you think the world's communities and cultures can learn something from each other? \r\n\r\nMore specifically, what if people had a platform for sharing climate solutions, the same way programmers have GitHub, StackOverflow, and web forums for sharing coding solutions? \r\n\r\nWe all recognize the problem of climate change and know general ideas for solutions - the difficult problem is implementing those solutions, in context and at scale, with all available nuance. ClimateTree.wiki is an innovative project that empowers communities, students, and activists to find the specific climate solutions that are right for their own place. ", "project_description_solution": "The data base architecture (\"back end\") will be comprised of unique geographic place names of all sizes (village to province to nation) with attributes of geographic data like population, bioregion, renewable energy, and carbon emissions. This back end will allow a UX wherein the user can dynamically filter the database for subset extracts -- much the way Zillow does with real estate. There is room here for additional visualization UX that can interactively visualize this back end data on a map or chart. ", "project_description_actions": "Ultimately, all content will have \"geographic place name tags\" and \"thematic tags\". From this structure, many UX ideas are possible. We will pursue the one that will get us a Tweet from Greta Thunberg or Leonardo DiCaprio and spread among all students and activists striking for climate change. \r\n\r\nMore locally, the City of Olympia, Washington, has passed a climate action plan at the behest of high school students - the question is ...now what? That's where ClimateTree.wiki comes in. With this toolset, instead of a cry for help, students will be able to surface detailed, effective options that in many cases have been implemented elsewhere.", "project_short_description": "Empowering students and communities to research, share, and discuss geographically and culturally relevant climate solution strategies", "project_location": "Bellevue, WA", "project_name": "ClimateTree.wiki", "project_url": "https://youtu.be/kvqz9Hs6l8k?t=14621", "project_date_created": "2020-03-13T20:01:46.116Z", "project_date_modified": "2020-03-13T20:03:16.305Z", "is_searchable": true, "is_created": true}}, {"model": "civictechprojects.project", "pk": 6, "fields": {"deleted": false, "project_creator": 2, "project_description": "Nearly one in four people in Washington State have been involved in the criminal justice system. Washington recently enacted the New Hope Act that makes it easier for people with past criminal records to have their convictions vacated. Conviction vacation removes significant barriers to housing and employment, improving the chances of successful reentry into society and making recidivism less likely.", "project_description_solution": "We analyzed the process of conviction vacation in Washington state, and have identified opportunities to use technology to streamline the process. Our efforts at the National Day of Civic Hacking on September 21st focused on automating eligibility calculation for conviction vacation. We see future opportunity to streamline the completion of the required forms. We are investigating the feasibility of a Turbo Tax style interface to simplify this process, and then e-filing the forms in counties where it is permitted.", "project_description_actions": "We need researchers to further explore workflows and user requirements,  designers to help create the interface, and developers to build it. Take a look at the working prototype that's been built (in the project links section of this page), and hop into the #conviction-vacation-project channel using the Slack link. Finally, click \"Volunteer With Project\" above so we can get you listed here as a team member!", "project_short_description": "Reducing barriers faced by formerly incarcerated individuals by streamlining process of vacating eligible convictions in Washington state.", "project_location": "Kirkland, WA", "project_name": "Washington Conviction Vacation Project", "project_url": "http://openseattle.org/convictionvacation/", "project_date_created": "2020-03-13T20:04:18.564Z", "project_date_modified": "2020-03-13T20:05:57.039Z", "is_searchable": true, "is_created": true}}, {"model": "civictechprojects.project", "pk": 7, "fields": {"deleted": false, "project_creator": 2, "project_description": "We wondered why it was so hard to find out what is happening in Seattle City Council for a specific topic, so we set out to solve that. Let's make city councils actions and activities more discoverable. The first step to this is basic data processing: automated transcript creation for city council events, indexing those transcripts, and finally making them available on the web via our website and database.", "project_description_solution": "Our Seattle infrastructure has now been up and running for about four months and are planning to deploy the same services for Bellevue city council with more cities coming in the future.", "project_description_actions": "But what more can we do? Add more cities to the system? What about visualizations about topics covered by the city council? How about building predictive models for city council decisions and actions? Or even, summarizing city council member positions on topics? All of these and more are projects we are curious about, but if you have your own ideas we are glad to hear them.", "project_short_description": "Empowering citizens and journalists to make city council activities discoverable and understandable by more than just legislators.", "project_location": "Portland, OR", "project_name": "Council Data Project", "project_url": "https://councildataproject.github.io/seattle/", "project_date_created": "2020-03-13T20:06:47.445Z", "project_date_modified": "2020-03-13T20:08:02.729Z", "is_searchable": true, "is_created": true}}, {"model": "civictechprojects.project", "pk": 8, "fields": {"deleted": false, "project_creator": 2, "project_description": "Seattle traffic is getting worse. The current infrastructure often favors driving, with lots of push-back against proposals to reduce on-street parking, establish bus and bike lanes, and prioritize pedestrian crosswalk timers. There are lots of opportunities for small improvements to walking, biking, and transit, but no easy way to prototype or communicate them.", "project_description_solution": "A/B Street is a tool to model Seattle's traffic infrastructure in detail -- including sidewalks, turn lanes, on- and off-street parking, traffic signals, etc -- and to simulate cars, bikes, buses, and pedestrians moving through it. Players can reallocate existing road space (convert a general car lane to a bus lane) and edit intersections (convert a traffic signal to have a pedestrian-only scramble cycle), then run a detailed A/B test to explore the impact on all agents. If a player's edits work well in A/B Street, then they could be proposed to SDOT to try in real life -- all of the edits would be cheap to prototype for a few days, not requiring lots of construction. The tool could also be used for SDOT to communicate proposals and alternatives to the public, letting people interactively visualize a change, rather than interpret static diagrams.", "project_description_actions": "I've been developing A/B Street for about 1.5 years, and I could use help with many areas. Upcoming work:\r\n\r\n- new challenge modes to optimize a bus route, create greenways and superblocks, and detour around construction\r\n\r\n- improve data visualization\r\n\r\n- better heuristics for determining the traffic signal timings currently used\r\n\r\n- importing bike trails like the Burke Gilman from OpenStreetMap, and improving the shared pedestrian/bike lane modeling\r\n\r\n- improving the map geometry inferred from OpenStreetMap (complex intersections involving dual carriageways particularly need attention)", "project_short_description": "A/B Street is a game simulating pedestrians, bikes, cars, and buses in Seattle. Players edit lanes and intersections to improve traffic flow", "project_location": "Baltimore, MD", "project_name": "A/B Street", "project_url": "https://github.com/dabreegster/abstreet", "project_date_created": "2020-03-13T20:09:01.909Z", "project_date_modified": "2020-03-13T20:10:58.074Z", "is_searchable": true, "is_created": true}}, {"model": "civictechprojects.project", "pk": 9, "fields": {"deleted": false, "project_creator": 3, "project_description": "You can build a map story and use beautiful styling with a call to action for collecting donations, contacting representatives, attending an event, or any other type of action you want constituents to perform for your cause.\r\n\r\nA working prototype here: http://dev4.mapseed.org", "project_description_solution": "", "project_description_actions": "", "project_short_description": "Mapseed is a platform that allows anyone to tell geographic stories with visual data to drive community engagement. ", "project_location": "Tacoma, WA", "project_name": "Mapseed", "project_url": "http://mapseed.org/", "project_date_created": "2020-03-13T20:15:37.974Z", "project_date_modified": "2020-03-13T20:16:57.157Z", "is_searchable": true, "is_created": true}}, {"model": "civictechprojects.project", "pk": 10, "fields": {"deleted": false, "project_creator": 3, "project_description": "Millions of Washingtonians interact with state government each year. From using our transportation infrastructure, visiting a local department of Licensing office, visiting agency websites, calling or visiting agency offices for help navigating systems and programs, to opening a business, hiring employees. That\u2019s just the short list.\r\n\r\nResults Washington, Governor Inslee\u2019s performance management and process improvement agency, is embarking on a strategy to make government more human.\r\n\r\nWashington State is a leader in using data to drive decision making and policies. But there is a gap in qualitative data and understanding customer\u2019s needs, motivations, behaviors. Many agencies do routine customer satisfaction surveys \u2013 which illuminate pain points and successes \u2013 but don\u2019t provide enough information about the why, or who we are serving.", "project_description_solution": "Surveys don\u2019t equal empathy. Or understanding.\r\n\r\nThe Idea: Feedback Friend\r\nThe concept is to provide a way to capture real-time feedback and experiences from both customers and employees around the state.\r\n\r\nWe\u2019d like to explore the viability and feasibility of the idea.  The initial idea was to use voice and video recordings from mobile devices readily available to customers and employees. We\u2019d like to understand how we could quickly design a pilot with a few locations around the state. We could also market the tool to all Washingtonians, not to just those with a recent in-office interaction.\r\n\r\nAdvice on building a business strategy and process flow would also be helpful. We are wondering if MS Dynamics could be good fit for the first version \u2013 it could be an experiment to inform a broader CRM solution.", "project_description_actions": "We are all-in and ready to experiment to find a way to really hear and understand our customers and employees.\r\n\r\nHere are some initial questions we have about the idea.\r\n\r\nHow could:\r\n+We use speech to text to capture feedback that can be easily analyzed? \r\n+Feedback be a source of actionable data, in the form of experiences, to lead to better understanding of needs and improved service delivery?\r\n+The solution predict experiences?\r\n+We use video, Real World confessional style, to give customers an opportunity to quickly share their experience?", "project_short_description": "We need to hear from Washingtonians. We need to listen to and deeply understand our customers. ", "project_location": "Olympia, WA", "project_name": "Feedback Friend (Results Washington)", "project_url": "http://results.wa.gov/", "project_date_created": "2020-03-13T20:17:56.838Z", "project_date_modified": "2020-03-13T20:19:16.441Z", "is_searchable": true, "is_created": true}}, {"model": "civictechprojects.project", "pk": 11, "fields": {"deleted": false, "project_creator": 3, "project_description": "Room For Good is a service that connects home providers located in expensive cities, who have extra space, with essential workers who serve the city thrive but can't afford to live there. \r\n\r\nSocial workers and city workers have jobs and a salary but still can not afford to live in the city where they work. \r\nSome homeowners have space but don't want to deal with unvetted rental services, would be open to good tenants, and... some also want to help the city thrive! \r\n\r\n(Think Airbnb UI / profiles and socially conscious communities rather than transient tourism) \r\nSidebar: I have pitched to Jenny Durkin and she loves the idea! Cities, Non profits and workers are the primary stakeholders.", "project_description_solution": "", "project_description_actions": "", "project_short_description": "Room For Good is a timely solution addressing the housing crisis in expensive cities!", "project_location": "Bay Area, CA", "project_name": "Room for Good", "project_url": "https://www.roomforgood.com/what-we-do/", "project_date_created": "2020-03-13T20:20:19.196Z", "project_date_modified": "2020-03-13T20:22:10.443Z", "is_searchable": true, "is_created": true}}, {"model": "civictechprojects.project", "pk": 12, "fields": {"deleted": false, "project_creator": 3, "project_description": "This initiative comes from the Washington Tech Industry Association's (WTIA) Ion Collaboration, where professionals from the private, nonprofit, and government sectors come together to solve civic problems. \r\n\r\nOur proposed idea is to make technology more accessible for underrepresented communities in the South Seattle area. Specifically, we're aiming to use the untapped volunteer workforce in the tech community to help fuel the growth of immigrant/minority businesses. Our idea is to develop a platform that can showcase the tech needs (website development, delivery service integration, etc) of South Seattle businesses, thereby allowing tech volunteers to sign-up and develop the solutions. ", "project_description_solution": "Users of the Platform:\r\n\r\nCommunity Development Advocates (CDA) \r\nConduit connecting businesses with the platform. Owner Of Relationship between biz and tech volunteers post-match. \r\n\r\nTechnical Advocates (TA)\r\nConduit connecting volunteer with platform. Maintain database of volunteers and manage accountability of those volunteers.\r\n\r\nBusinesses\r\nKey client. Final approver. Partners with Volunteer/TA on design reviews and final approval. \r\n\r\nVolunteers\r\nProvide SOW execute on design with revisions inclusive. \r\n\r\nMVP Requirements\r\nBusinesses/CDA need a platform profile. \r\nBusinesses/CDA need to be able to select from predefined use cases.\r\nBusinesses/CDA need to be able to provide contact info in a form inclusive of selected use cases\r\nVolunteers/TA need to be able to select an ask. \r\nTAs need to be able to manage Volunteer database.", "project_description_actions": "", "project_short_description": "Connecting immigrant and POC business owners with skilled tech volunteers", "project_location": "Baltimore, MD", "project_name": "Seattle VolunTech", "project_url": "", "project_date_created": "2020-03-13T20:22:53.843Z", "project_date_modified": "2020-03-13T20:24:08.129Z", "is_searchable": true, "is_created": true}}, {"model": "civictechprojects.project", "pk": 13, "fields": {"deleted": false, "project_creator": 3, "project_description": "Our mission is to provide free, accessible, and accurate data to our global community. https://zelos.ai", "project_description_solution": "", "project_description_actions": "", "project_short_description": "Zelos is a Seattle-based startup building a mobile-first search engine for Track and Field rankings. ", "project_location": "Seattle, WA", "project_name": "Zelos.ai", "project_url": "https://zelos.ai/", "project_date_created": "2020-03-13T20:25:25.612Z", "project_date_modified": "2020-03-13T20:26:29.212Z", "is_searchable": true, "is_created": true}}, {"model": "civictechprojects.project", "pk": 14, "fields": {"deleted": false, "project_creator": 3, "project_description": "We are \"moving\" this 38-year-old classroom tradition online/mobile.... We are looking for people to help in a few areas: 1) coding - both front-end (design and HTML) and backend - python. Our aim is to make civic engagement as easy as social engagement.", "project_description_solution": "As of today, I send ppt mockup and written descriptions of the features, adds, moves, changes, etc... I need to my site to my dev team in Poland. As you might guess they'd like wireframes in a real wireframing app instead of my limited ppts. I'm wearing all \"the hats\" at the startup right now and simply don't have the time to learn a wireframing app. ", "project_description_actions": "Here is a historical look at the NSPME:\r\nhttps://www.c-span.org/video/?33826-1/national-student-parent-mock-electionhttps://vimeo.com/106278431", "project_short_description": "The National Student Vote / National Student Parent Mock Election in oldest and largest civic educational event in the country...", "project_location": "Redmond, WA", "project_name": "The National Student Vote", "project_url": "http://www.nationalstudentvote.com/", "project_date_created": "2020-03-13T20:27:46.776Z", "project_date_modified": "2020-03-13T20:29:09.137Z", "is_searchable": true, "is_created": true}}, {"model": "civictechprojects.project", "pk": 15, "fields": {"deleted": false, "project_creator": 3, "project_description": "A community of residents and stakeholders who are monitoring the cleanup of toxic waste in Seattle's Duwamish River.", "project_description_solution": "", "project_description_actions": "", "project_short_description": "A community of residents and stakeholders who are monitoring the cleanup of toxic waste in Seattle's Duwamish River.", "project_location": "Bay Area, CA", "project_name": "Hey Duwamish River Cleanup Project", "project_url": "", "project_date_created": "2020-03-13T20:30:04.881Z", "project_date_modified": "2020-03-13T20:30:37.631Z", "is_searchable": true, "is_created": true}}, {"model": "civictechprojects.project", "pk": 16, "fields": {"deleted": false, "project_creator": 3, "project_description": "We are a small nonprofit, nonpartisan pro-democracy organization in WA State working on reforms that strengthen democracy. Our mission is to achieve fair elections and government policies that reflect the will of the people and not the power of money. We focus on issues such as: campaign finance reform and money in elections; alternative voting systems, such as ranked choice voting; expanding voting access with things like automatic voter registration and same-day registration; as well as civic engagement and outreach to further help empower the people.", "project_description_solution": "In order to help accomplish our mission, which have some lofty goals, we need a better website and way to engage our database and volunteers more efficiently and productively. We have very limited funds and capacity and are looking to find some qualified, creative, and passionate people to help us out.", "project_description_actions": "We envision a website where people can easily find information about our organization, the democracy related reforms happening locally and nationally, how to support us, engage volunteers better, and spur people into action with the ability to do routine follow-up. In particular we need help with basic overview of what we already have, how we can develop it further, integrate our database more effectively, and what is needed to accomplish this. ", "project_short_description": "We need help redesigning our website & integrating our database, to better engage volunteers & the public about democracy reforms.", "project_location": "Tacoma, WA", "project_name": "Fix Democracy First", "project_url": "http://fixdemocracyfirst.org/", "project_date_created": "2020-03-13T20:32:18.992Z", "project_date_modified": "2020-03-13T20:34:24.021Z", "is_searchable": true, "is_created": true}}, {"model": "civictechprojects.project", "pk": 17, "fields": {"deleted": false, "project_creator": 3, "project_description": "Arguments and public debates are scattered across often hundreds of sources, op-eds, and editorials. This impairs deliberation, understanding, advocacy, and decision-making. The public-debate needs centralizing and visual framing. We have mastered this approach over a decade. We now want to apply various technologies, including potentially NLP and machine learning, to assist in the wide-scale aggregation and framing of public debates. ", "project_description_solution": "Centralize unique pro and con arguments and quotes into an ideal pro/con splitscreen and sub-debate structure to enhance deliberations. Utilize the latest technologies to assist this aggregation and framing. While we had attempted to use wiki technology on Debatepedia.org (which I founded in 2006) to address the scalability of this aggregation challenge, it failed for a few reasons. We are hoping other approaches, including NLP (or anything you might suggest), can provide the necessary breakthrough. ", "project_description_actions": "Develop unique solutions for aggregating and framing pro/con arguments and quotes in public debates around the country and world. NLP and machine learning are one promising avenue. There may be others. Any other inspired actions/suggestions around the concept of IssueCounsel.com are more than welcomed.", "project_short_description": "Aggregating the world\u2019s arguments into the ideal pro/con visual framework for deliberation, communications, & advocacy (Debatepedia.org 2.0)", "project_location": "Tacoma, WA", "project_name": "IssueCounsel.com", "project_url": "https://issuecounsel.com/", "project_date_created": "2020-03-13T20:35:07.012Z", "project_date_modified": "2020-03-13T20:37:53.886Z", "is_searchable": true, "is_created": true}}, {"model": "civictechprojects.project", "pk": 18, "fields": {"deleted": false, "project_creator": 3, "project_description": "Seattle residents rely on government and nonprofit technology to access key information and resources, like utility accounts, housing assistance, permits, and library services. But residents may not always be consulted during the process of building that technology. This can lead to low adoption, usability issues, and the creation of digital resources that don't actually solve community needs.", "project_description_solution": "This feedback can come anywhere in the development process, from initial planning stages to design feedback to usability testing. In this way, residents have a voice and a role in building civic technology. ", "project_description_actions": "Residents are paid to participate, and government agencies, nonprofits, and civic tech developers can use the Civic User Testing Group as a free service. \r\n\r\nThe CUTGroup is a partnership between Open Seattle, the University of Washington Information School, and the City of Seattle Department of Information Technology. ", "project_short_description": "Seattle\u2019s Civic User Testing Group (CUTGroup) connects nonprofits and civic developers with Seattle residents to get their feedback.", "project_location": "Bay Area, CA", "project_name": "Seattle Civic User Testing Group", "project_url": "https://openseattle.org/cutgroup/", "project_date_created": "2020-03-13T20:39:31.110Z", "project_date_modified": "2020-03-13T20:41:24.863Z", "is_searchable": true, "is_created": true}}, {"model": "civictechprojects.project", "pk": 19, "fields": {"deleted": false, "project_creator": 3, "project_description": "Civic Space helps local authorities make more informed decisions. We constantly collect and analyze the comments, ideas and suggestions of each citizen of the platform. Our software for civic participation enables local governments to take advantage of the collective minds of citizens and better understand the needs of their citizens.\r\nWe believe that with the Civic Space platform, we will give the public the opportunity to influence socially-minded decisions, to engage in joint policy-making with the municipal authorities.", "project_description_solution": "", "project_description_actions": "", "project_short_description": "Digital participatory democracy platform for cities and organizations", "project_location": "Other", "project_name": "Civic Space", "project_url": "http://civicspace.info/", "project_date_created": "2020-03-13T20:42:11.261Z", "project_date_modified": "2020-03-13T20:43:22.643Z", "is_searchable": true, "is_created": true}}, {"model": "civictechprojects.project", "pk": 20, "fields": {"deleted": false, "project_creator": 3, "project_description": "The mission of Open Source Ecology (OSE) is to create the open source economy.\r\n\r\nAn open source, libre economy is an efficient economy which increases innovation by open collaboration. To get there, OSE is currently developing a set of open source blueprints for the Global Village Construction Set (GVCS) \u2013 a set of the 50 most important machines that it takes for modern life to exist \u2013 everything from a tractor, to an oven, to a circuit maker. In the process of creating the GVCS, OSE intends to develop a modular, scalable platform for documenting and developing open source, libre hardware \u2013 including blueprints for both physical artifacts and for related open enterprises.\r\n\r\nThe current practical implementation of the GVCS is a life size LEGO set of powerful, self-replicating production tools for distributed production. The Set includes fabrication and automated machines that make other machines. ", "project_description_solution": "We \u2013 the countless collaborators upon whose shoulders this Vision stands \u2013 imagine a world of innovation accelerated by open, collaborative development \u2013 to solve wicked problems \u2013 before they are created. We see a world of prosperity that doesn\u2019t leave anyone behind. We see a world of interdisciplinary, synergistic systems thinking \u2013 not the isolated silos of today\u2019s world.\r\n\r\nThis work of distributing raw productive power to people is not only a means to solving wicked problems \u2013 but a means for humans themselves to evolve. The creation of a new world depends on expansion of human consciousness and personal evolution \u2013 as individuals tap their autonomy, mastery, and purpose \u2013 bo Build Themselves \u2013 and to become responsible for the world around them. One outcome is a world beyond artificial material scarcity \u2013 where no longer do material constraints and resource conflicts dictate most of human interactions \u2013 personal and political. ", "project_description_actions": "The end point of our practical development is Distributive Enterprise \u2013 an open, collaborative enterprise that publishes all of its strategic, business, organizational, enterprise information \u2013 so that others could learn and thereby truly accelerate innovation by annihilating all forms of competitive waste. We see this as the only way to solve wicked problems faster than they are created \u2013 a struggle worth the effort. In the age where companies spend more on patent protectionism than on research and development \u2013 we feel that unleashing the power of collaborative innovation is an idea whose time has come.", "project_short_description": "We\u2019re developing open source industrial machines that can be made for a fraction of commercial costs. We share our designs online for free.", "project_location": "Baltimore, MD", "project_name": "Open Source Ecology", "project_url": "https://wiki.opensourceecology.org/wiki/Main_Page", "project_date_created": "2020-03-13T20:44:14.004Z", "project_date_modified": "2020-03-13T20:46:09.064Z", "is_searchable": true, "is_created": true}}, {"model": "civictechprojects.project", "pk": 21, "fields": {"deleted": false, "project_creator": 3, "project_description": "#Newsrooms is a startup that is building a news platform that provides news in a better way and helps users better consume those news articles.\r\n \r\nWe recently ran an extensive experiment testing the effect of #Newsrooms' algorithm, and we found out that #Newsrooms\u2019 readers acquired significantly more knowledge from news articles in a more efficient way compared to users of other news platforms such as Google News. More balanced (less polarized) news consumption was also achieved. (see https://drive.google.com/open?id=13KgTgP0X3Qd10Tt7h7R6mGDojie65OuE for more detailed experimental method and results)", "project_description_solution": "We are looking for NLP engineers who can realize the algorithm that we have in mind in order to solve various fundamental journalistic problems and significantly refine existing platforms. This NLP script will be trained with AI later on. ", "project_description_actions": "The specific solution will be discussed when you decide to work with us. We recently ran an extensive experiment testing the effect of #Newsrooms' algorithm, and we found out that #Newsrooms\u2019 readers acquired significantly more knowledge from news articles in a more efficient way compared to users of other news platforms such as Google News. More balanced (less polarized) news consumption was also achieved.", "project_short_description": "#Newsrooms aims to build a news platform that provides news in a better way and helps users better consume those news articles.", "project_location": "Portland, OR", "project_name": "#Newsrooms", "project_url": "", "project_date_created": "2020-03-13T20:47:00.867Z", "project_date_modified": "2020-03-13T20:48:13.550Z", "is_searchable": true, "is_created": true}}, {"model": "civictechprojects.project", "pk": 22, "fields": {"deleted": false, "project_creator": 3, "project_description": "Non profits don\u2019t usually have sufficient resources to promote the wonderful work they do in their communities. At the same time, they spend majority of the time looking for funding to stay alive.", "project_description_solution": "Donors on the other side aren\u2019t usually aware of all the non profits that serve in communities they live in or the causes they care deeply about. ", "project_description_actions": "Our platform would provide non profits a place to portray their work in the best possible manner while the donors are able to determine which non profit is serving in the neighborhoods they wish to support.", "project_short_description": "Platform that allows nonprofits to portray their work & donors to connect with nonprofits in the neighborhoods they wish to support.", "project_location": "Other", "project_name": "Do Good Collective", "project_url": "http://dogoodcollective.org/", "project_date_created": "2020-03-13T20:49:03.975Z", "project_date_modified": "2020-03-13T20:50:18.345Z", "is_searchable": true, "is_created": true}}]